text,text_processed,topic
Ανανεώσιμες Πηγές Ενέργειας: Το λάθος μείγμα στην Ελλάδα - Οι κίνδυνοι από τη μονοκαλλιέργεια https://t.co/lnKE3n3qdo,ανανεωσιμεσ πηγεσ ενεργειασ: το λαθοσ μειγμα στην ελλαδα - οι κινδυνοι απο τη μονοκαλλιεργεια https://tco/lnke3n3qdo,4
"Στο τέλος του 2022 το 50% της ζήτησης ηλεκτρικής ενέργειας στην Ελλάδα θα καλύπτεται από Ανανεώσιμες Πηγές Ενέργειας, ανέφερε ο υπουργός Περιβάλλοντος και Ενέργειας @KostasSkrekas μιλώντας σήμερα στο συνέδριο του #Εconomist

https://t.co/Uj0jDPzzVn https://t.co/FH38zfDFx5",στο τελοσ του 2022 το 50% τησ ζητησησ ηλεκτρικησ ενεργειασ στην ελλαδα θα καλυπτεται απο ανανεωσιμεσ πηγεσ ενεργειασ ανεφερε ο υπουργοσ περιβαλλοντοσ και ενεργειασ @kostasskrekas μιλωντασ σημερα στο συνεδριο του #εconomist  https://tco/uj0jdpzzvn https://tco/fh38zfdfx5,4
RT @tgportalblog: T.G.    Γερμανία:Πρωτόγνωρες εικόνες–  Ουρές στα συσσίτια  τροφίμων https://t.co/qav6nqusDo #ΝΤΠ #νεα_ταξη #ΕΕ #ακριβεια…, @tgpoalblog: tg    γερμανια:πρωτογνωρεσ εικονεσ–  ουρεσ στα συσσιτια  τροφιμων https://tco/qav6nqusdo #ντπ #νεα_ταξη #εε #ακριβεια…,4
"RT @LykavitosGr: Ακραίος καύσωνας σαρώνει Ισπανία και Πορτογαλία – Απειλεί με 40αρια Γαλλία και Βρετανία, τι θα γίνει στην Ελλάδα  #καύσωνα…", @lykavitosgr: ακραιοσ καυσωνασ σαρωνει ισπανια και πορτογαλια – απειλει με 40αρια γαλλια και βρετανια τι θα γινει στην ελλαδα  #καυσωνα…,4
"RT @LykavitosGr: Ακραίος καύσωνας σαρώνει Ισπανία και Πορτογαλία – Απειλεί με 40αρια Γαλλία και Βρετανία, τι θα γίνει στην Ελλάδα  #καύσωνα…", @lykavitosgr: ακραιοσ καυσωνασ σαρωνει ισπανια και πορτογαλια – απειλει με 40αρια γαλλια και βρετανια τι θα γινει στην ελλαδα  #καυσωνα…,4
Ανανεώσιμες Πηγές Ενέργειας: Το νέο Χωροταξικό για τα αιολικά πάρκα – Ολο το σχέδιο #Δημοκρατική #Ρόδος #Δωδεκάνησα https://t.co/30pNB64msv,ανανεωσιμεσ πηγεσ ενεργειασ: το νεο χωροταξικο για τα αιολικα παρκα – ολο το σχεδιο #δημοκρατικη #ροδοσ #δωδεκανησα https://tco/30pnb64msv,4
Κ. Σκρέκας: Στα 500 εκατ. ευρώ το όφελος από τις ανανεώσιμες πηγές ενέργειας https://t.co/wbVAILB8ph,κ σκρεκασ: στα 500 εκατ ευρω το οφελοσ απο τισ ανανεωσιμεσ πηγεσ ενεργειασ https://tco/wbvailb8ph,4
".@KostasSkrekas στο ΑΠΕ-ΜΠΕ (@amna_news): Στα 500 εκατ. ευρώ το όφελος από τις ανανεώσιμες πηγές ενέργειας εφέτος 

«Πράσινο» το 50% της ηλεκτρικής ενέργειας έως το τέλος του έτους

https://t.co/FgwyaZnQRz",@kostasskrekas στο απε-μπε (@amna_news): στα 500 εκατ ευρω το οφελοσ απο τισ ανανεωσιμεσ πηγεσ ενεργειασ εφετοσ   «πρασινο» το 50% τησ ηλεκτρικησ ενεργειασ εωσ το τελοσ του ετουσ  https://tco/fgwyaznqrz,4
Σκρέκας: Στα 500 εκατ. ευρώ το όφελος από τις ανανεώσιμες πηγές ενέργειας το 2022--https://t.co/zUeat59wg8,σκρεκασ: στα 500 εκατ ευρω το οφελοσ απο τισ ανανεωσιμεσ πηγεσ ενεργειασ το 2022--https://tco/zueat59wg8,4
ΥΠΕΝ: Μπαράζ διαγωνισμών για ανανεώσιμες πηγές ενέργειας συνολικής ισχύος 3.800 μεγαβάτ https://t.co/iqTnnTkTzb #businessnewsgr,υπεν: μπαραζ διαγωνισμων για ανανεωσιμεσ πηγεσ ενεργειασ συνολικησ ισχυοσ 3800 μεγαβατ https://tco/iqtnntktzb #businessnewsgr,4
Κ.Σκρέκας: «Στα 500 εκατ. ευρώ το όφελος από τις ανανεώσιμες πηγές ενέργειας το 2022» https://t.co/2wbb5mLWkx,κσκρεκασ: «στα 500 εκατ ευρω το οφελοσ απο τισ ανανεωσιμεσ πηγεσ ενεργειασ το 2022» https://tco/2wbb5mlwkx,4
Σκρέκας: Στα 500 εκατ. ευρώ το όφελος από τις ανανεώσιμες πηγές ενέργειας φέτος https://t.co/ns5asG934w,σκρεκασ: στα 500 εκατ ευρω το οφελοσ απο τισ ανανεωσιμεσ πηγεσ ενεργειασ φετοσ https://tco/ns5asg934w,4
Κ. Σκρέκας: Στα 500 εκατ. ευρώ το όφελος από τις ανανεώσιμες πηγές ενέργειας- Πράσινο το 50% της ηλεκτρικής ενέργειας έως τέλος του έτους https://t.co/26nvvpoWwI,κ σκρεκασ: στα 500 εκατ ευρω το οφελοσ απο τισ ανανεωσιμεσ πηγεσ ενεργειασ- πρασινο το 50% τησ ηλεκτρικησ ενεργειασ εωσ τελοσ του ετουσ https://tco/26nvvpowwi,4
Σκρέκας: Στα 500 εκατ. ευρώ το όφελος από τις ανανεώσιμες πηγές ενέργειας - LarissaPress https://t.co/szF9L5swN6,σκρεκασ: στα 500 εκατ ευρω το οφελοσ απο τισ ανανεωσιμεσ πηγεσ ενεργειασ - larissapress https://tco/szf9l5swn6,4
Κ. Σκρέκας: Στα 500 εκατ. το όφελος από τις Ανανεώσιμες Πηγές Ενέργειας φέτος- «Πράσινο» το 50% της ηλεκτρικής ενέργειας έως το τέλος του έτους - mononews #mononewsGR https://t.co/9szxZcx7OZ,κ σκρεκασ: στα 500 εκατ το οφελοσ απο τισ ανανεωσιμεσ πηγεσ ενεργειασ φετοσ- «πρασινο» το 50% τησ ηλεκτρικησ ενεργειασ εωσ το τελοσ του ετουσ - mononews #mononewsgr https://tco/9szxzcx7oz,4
Κ. Σκρέκας στο ΑΠΕ-ΜΠΕ: Στα 500 εκατ. ευρώ το όφελος από τις ανανεώσιμες πηγές ενέργειας εφέτος - «Πράσινο» το 50% της ηλεκτρικής ενέργειας έως το τέλος του έτους https://t.co/RVyZB5HHsr,κ σκρεκασ στο απε-μπε: στα 500 εκατ ευρω το οφελοσ απο τισ ανανεωσιμεσ πηγεσ ενεργειασ εφετοσ - «πρασινο» το 50% τησ ηλεκτρικησ ενεργειασ εωσ το τελοσ του ετουσ https://tco/rvyzb5hhsr,4
"RT @HELMEPA: ✅Νέο ρεκόρ μελών με 2.033 πλοία 🚢, 268 εταιρείες και 14.000+ ναυτικούς έχει η  #HELMEPA.
#Στόχος μας συνεχίζει να είναι η προσ…", @helmepa: ✅νεο ρεκορ μελων με 2033 πλοια 🚢 268 εταιρειεσ και 14000+ ναυτικουσ εχει η  #helmepa #στοχοσ μασ συνεχιζει να ειναι η προσ…,4
Κ. Σκρέκας: Στα 500 εκατ. ευρώ το όφελος από τις ανανεώσιμες πηγές ενέργειας εφέτος https://t.co/1aiorxGctZ,κ σκρεκασ: στα 500 εκατ ευρω το οφελοσ απο τισ ανανεωσιμεσ πηγεσ ενεργειασ εφετοσ https://tco/1aiorxgctz,4
"Όλο και περισσότεροι άνθρωποι εξαρτώνται από τα #κλιματιστικά τα οποία καταναλώνουν μεγάλες ποσότητες ηλεκτρικής ενέργειας για τη δροσιά που παρέχουν, προκαλώντας ένα φαύλο κύκλο.
#Κλιματισμος #Καυσωνας #Περιβαλλον 

https://t.co/UNJpo6dBUq",ολο και περισσοτεροι ανθρωποι εξαρτωνται απο τα #κλιματιστικα τα οποια καταναλωνουν μεγαλεσ ποσοτητεσ ηλεκτρικησ ενεργειασ για τη δροσια που παρεχουν προκαλωντασ ενα φαυλο κυκλο #κλιματισμοσ #καυσωνασ #περιβαλλον   https://tco/unjpo6dbuq,4
"RT @GiorgosKyrtsos: Η Ελλάδα φλέγεται και ο Μητσοτάκης που είχε τις «λύσεις» απλά χαμογελάει..
Επί Τσίπρα απέδιδε τις καταστροφές στα λάθη…", @giorgoskysos: η ελλαδα φλεγεται και ο μητσοτακησ που ειχε τισ «λυσεισ» απλα χαμογελαει επι τσιπρα απεδιδε τισ καταστροφεσ στα λαθη…,4
«Πράσινη» ενέργεια με τη βοήθεια του ανέμου: Πώς γίνεται η παραγωγή αιολικής ενέργειας - https://t.co/II2OPKMfno https://t.co/TJZKytyowP,«πρασινη» ενεργεια με τη βοηθεια του ανεμου: πωσ γινεται η παραγωγη αιολικησ ενεργειασ - https://tco/ii2opkmfno https://tco/tjzkytyowp,4
"H Ελλάδα της οικονομικής μετριότητας πέταξε σχεδόν 50 δισεκ. για πανδημία, ενεργειακή κρίση και πληθωρισμό δημιουργώντας υπέρογκα ελλείμματα και τοξικά μη βιώσιμο χρέος 
https://t.co/KEASoU7Zo0",h ελλαδα τησ οικονομικησ μετριοτητασ πεταξε σχεδον 50 δισεκ για πανδημια ενεργειακη κριση και πληθωρισμο δημιουργωντασ υπερογκα ελλειμματα και τοξικα μη βιωσιμο χρεοσ  https://tco/keasou7zo0,4
Tα 12 σημεία-παραλίες στην Αττική που απαγορεύεται το κολύμπι https://t.co/HB9lweMEat,tα 12 σημεια-παραλιεσ στην αττικη που απαγορευεται το κολυμπι https://tco/hb9lwemeat,4
"RT @MumRa667: Εύβοια 2022
Αυτή η φωτό ειναι αφιερωμενη εξαιρετικά σε ολα τα σκουπιδια και τα λαμογια που θεωρουν οτι οι καταστροφές του περ…", @mumra667: ευβοια 2022 αυτη η φωτο ειναι αφιερωμενη εξαιρετικα σε ολα τα σκουπιδια και τα λαμογια που θεωρουν οτι οι καταστροφεσ του περ…,4
"Η ΔΕΗ έχει μειώσει τις εκπομπές διοξειδίου του άνθρακα κατά 32% το 2021, σε σχέση με το 2019 και επιπλέον, υλοποιεί ένα επενδυτικό σχέδιο που θα αυξήσει την ισχύ της παραγωγής της από ανανεώσιμες πηγές ενέργειας σε 9,5 GW το 2026, από 3,4 GW που είναι

https://t.co/8Cj8qf9d9m",η δεη εχει μειωσει τισ εκπομπεσ διοξειδιου του ανθρακα κατα 32% το 2021 σε σχεση με το 2019 και επιπλεον υλοποιει ενα επενδυτικο σχεδιο που θα αυξησει την ισχυ τησ παραγωγησ τησ απο ανανεωσιμεσ πηγεσ ενεργειασ σε 95 gw το 2026 απο 34 gw που ειναι  https://tco/8cj8qf9d9m,4
Γιατί «βράζει» η αγορά ενέργειας με τη ΔΕΗ και τις Ανανεώσιμες Πηγές Ενέργειας https://t.co/yG4GaCRQhO,γιατι «βραζει» η αγορα ενεργειασ με τη δεη και τισ ανανεωσιμεσ πηγεσ ενεργειασ https://tco/yg4gacrqho,4
"Οι ανανεώσιμες πηγές ενέργειας και η ενίσχυση των επενδύσεων στο επίκεντρο της συνάντησης του πρωθυπουργού με τον Πρόεδρο των Η.Α.Ε
https://t.co/jxFmc49ZYf",οι ανανεωσιμεσ πηγεσ ενεργειασ και η ενισχυση των επενδυσεων στο επικεντρο τησ συναντησησ του πρωθυπουργου με τον προεδρο των ηαε https://tco/jxfmc49zyf,4
"Οι ανανεώσιμες πηγές ενέργειας και η ενίσχυση των επενδύσεων στο επίκεντρο της συνάντησης του @PrimeministerGR με τον Πρόεδρο των Η.Α.Ε

https://t.co/AbkQD2jxeZ",οι ανανεωσιμεσ πηγεσ ενεργειασ και η ενισχυση των επενδυσεων στο επικεντρο τησ συναντησησ του @primeministergr με τον προεδρο των ηαε  https://tco/abkqd2jxez,4
"RT @ellada24: Γ. Πατούλης: Η Αττική χρειάζεται έργα και παρεμβάσεις που απαιτούν 10 δις ευρώ τα επόμενα χρόνια, για να θωρακιστεί από την κ…", @ellada24: γ πατουλησ: η αττικη χρειαζεται εργα και παρεμβασεισ που απαιτουν 10 δισ ευρω τα επομενα χρονια για να θωρακιστει απο την κ…,4
Κομισιόν: Εγκρίνει το ελληνικό μέτρο για την αποθήκευση ηλεκτρικής ενέργειας από ανανεώσιμες πηγές https://t.co/kfxzg2FI49,κομισιον: εγκρινει το ελληνικο μετρο για την αποθηκευση ηλεκτρικησ ενεργειασ απο ανανεωσιμεσ πηγεσ https://tco/kfxzg2fi49,4
"➡️ 300 εκατ. το κόστος που επωμίζεται ο καταναλωτής
➡️ Φυσικό αέριο και ανανεώσιμες πηγές ενέργειας θα μειώσουν το κόστος

⏩ Διαβάστε στη «Σημερινή» | Του Άγγελου Αγγελοδήμου

https://t.co/Rqs7jznv4H",➡️ 300 εκατ το κοστοσ που επωμιζεται ο καταναλωτησ ➡️ φυσικο αεριο και ανανεωσιμεσ πηγεσ ενεργειασ θα μειωσουν το κοστοσ  ⏩ διαβαστε στη «σημερινη» | του αγγελου αγγελοδημου  https://tco/rqs7jznv4h,4
RT @LykavitosGr: Μεγάλη ανησυχία για τον «Παγετώνα της Αποκάλυψης»  - Λιώνει με ταχύ ρυθμό  #«Παγετώνας_της_Αποκάλυψης» #Thwaites #κλιματικ…, @lykavitosgr: μεγαλη ανησυχια για τον «παγετωνα τησ αποκαλυψησ»  - λιωνει με ταχυ ρυθμο  #«παγετωνασ_τησ_αποκαλυψησ» #thwaites #κλιματικ…,4
RT @LykavitosGr: Μεγάλη ανησυχία για τον «Παγετώνα της Αποκάλυψης»  - Λιώνει με ταχύ ρυθμό  #«Παγετώνας_της_Αποκάλυψης» #Thwaites #κλιματικ…, @lykavitosgr: μεγαλη ανησυχια για τον «παγετωνα τησ αποκαλυψησ»  - λιωνει με ταχυ ρυθμο  #«παγετωνασ_τησ_αποκαλυψησ» #thwaites #κλιματικ…,4
RT @LykavitosGr: Παραγωγή ενέργειας από ανανεώσιμες και εναλλακτικές πήγες  #ΕΥΔΑΠ https://t.co/dFhr91Hs1J, @lykavitosgr: παραγωγη ενεργειασ απο ανανεωσιμεσ και εναλλακτικεσ πηγεσ  #ευδαπ https://tco/dfhr91hs1j,4
RT @LykavitosGr: Παραγωγή ενέργειας από ανανεώσιμες και εναλλακτικές πήγες  #ΕΥΔΑΠ https://t.co/dFhr91Hs1J, @lykavitosgr: παραγωγη ενεργειασ απο ανανεωσιμεσ και εναλλακτικεσ πηγεσ  #ευδαπ https://tco/dfhr91hs1j,4
Γεωργιάδης: Τα επόμενα 4-6 χρόνια θα είναι χρόνια κοσμογονίας στις ανανεώσιμες πηγές ενέργειας - mononews #mononewsGR https://t.co/ZUSuaNhNtX,γεωργιαδησ: τα επομενα 4-6 χρονια θα ειναι χρονια κοσμογονιασ στισ ανανεωσιμεσ πηγεσ ενεργειασ - mononews #mononewsgr https://tco/zusuanhntx,4
".@AdonisGeorgiadi: Τα επόμενα 4-6 χρόνια θα είναι χρόνια κοσμογονίας στο δίκτυο και στις επενδύσεις στις ανανεώσιμες πηγές ενέργειας στην Ελλάδα

https://t.co/29uLdxHKSL https://t.co/hPBu5OJA1c",@adonisgeorgiadi: τα επομενα 4-6 χρονια θα ειναι χρονια κοσμογονιασ στο δικτυο και στισ επενδυσεισ στισ ανανεωσιμεσ πηγεσ ενεργειασ στην ελλαδα  https://tco/29uldxhksl https://tco/hpbu5oja1c,4
RT @LykavitosGr: Σε κατάσταση «ακραίου κινδύνου» η παραγωγή τροφίμων μέχρι το 2045  #παραγωγή #τρόφιμα #κλιματική_κρίση https://t.co/8ReTLE…, @lykavitosgr: σε κατασταση «ακραιου κινδυνου» η παραγωγη τροφιμων μεχρι το 2045  #παραγωγη #τροφιμα #κλιματικη_κριση https://tco/8retle…,4
RT @LykavitosGr: Σε κατάσταση «ακραίου κινδύνου» η παραγωγή τροφίμων μέχρι το 2045  #παραγωγή #τρόφιμα #κλιματική_κρίση https://t.co/8ReTLE…, @lykavitosgr: σε κατασταση «ακραιου κινδυνου» η παραγωγη τροφιμων μεχρι το 2045  #παραγωγη #τροφιμα #κλιματικη_κριση https://tco/8retle…,4
"Παραγωγή ενέργειας από ανανεώσιμες και εναλλακτικές πηγές,
https://t.co/igdn3jf2S5,",παραγωγη ενεργειασ απο ανανεωσιμεσ και εναλλακτικεσ πηγεσ https://tco/igdn3jf2s5,4
"""ΠΕΡΙΒΑΛΛΟΝ ΚΑΙ ΕΞΟΙΚΟΝΟΜΗΣΗ ΕΝΕΡΓΕΙΑΣ"" https://t.co/SIp5LQRBtP","""περιβαλλον και εξοικονομηση ενεργειασ"" https://tco/sip5lqrbtp",4
“ΠΕΡΙΒΑΛΛΟΝ ΚΑΙ ΕΞΟΙΚΟΝΟΜΗΣΗ ΕΝΕΡΓΕΙΑΣ” https://t.co/2cu6iPqPSx,“περιβαλλον και εξοικονομηση ενεργειασ” https://tco/2cu6ipqpsx,4
Η ΕΕ πρέπει να ενισχύσει επειγόντως τη δράση της για το κλίμα https://t.co/W32tTdNxuA via @Europarl_EL,η εε πρεπει να ενισχυσει επειγοντωσ τη δραση τησ για το κλιμα https://tco/w32ttdnxua via @europarl_el,4
Η ΕΕ πρέπει να ενισχύσει επειγόντως τη δράση της για το κλίμα https://t.co/0kOeWW3f5R,η εε πρεπει να ενισχυσει επειγοντωσ τη δραση τησ για το κλιμα https://tco/0koeww3f5r,4
Μ. Χαρακόπουλος: Απαιτείται δυναμική στροφή προς Ανανεώσιμες Πηγές Ενέργειας https://t.co/kikUx8zE2g,μ χαρακοπουλοσ: απαιτειται δυναμικη στροφη προσ ανανεωσιμεσ πηγεσ ενεργειασ https://tco/kikux8ze2g,4
Χαρακόπουλος: Απαιτείται δυναμική στροφή προς Ανανεώσιμες Πηγές Ενέργειας - LarissaPress https://t.co/BlLleOKbsY,χαρακοπουλοσ: απαιτειται δυναμικη στροφη προσ ανανεωσιμεσ πηγεσ ενεργειασ - larissapress https://tco/bllleokbsy,4
"RT @amna_sportgr: #Ποδόσφαιρο ⚽️
Πληθαίνουν οι εκκλήσεις για μποϊκοτάζ του Μουντιάλ 2022 στο Κατάρ, με πολλούς να επικαλούνται παραβίαση τω…", @amna_spogr: #ποδοσφαιρο ⚽️ πληθαινουν οι εκκλησεισ για μποϊκοταζ του μουντιαλ 2022 στο καταρ με πολλουσ να επικαλουνται παραβιαση τω…,4
Έρχεται νέο πρόγραμμα επιδότησης για ηλιακούς θερμοσίφωνες https://t.co/RWUDg4mChz,ερχεται νεο προγραμμα επιδοτησησ για ηλιακουσ θερμοσιφωνεσ https://tco/rwudg4mchz,4
Στα 500 δισ. ευρώ ο «λογαριασμός» της ενεργειακής κρίσης στην ΕΕ - Προειδοποίηση Bruegel: Μη βιώσιμο δημοσιονομικά https://t.co/G25sCDpvsW,στα 500 δισ ευρω ο «λογαριασμοσ» τησ ενεργειακησ κρισησ στην εε - προειδοποιηση bruegel: μη βιωσιμο δημοσιονομικα https://tco/g25scdpvsw,4
Στα 500 δισ. ευρώ ο «λογαριασμός» της ενεργειακής κρίσης στην ΕΕ - Προειδοποίηση Bruegel: Μη βιώσιμο δημοσιονομικά https://t.co/pfDSSRhe92,στα 500 δισ ευρω ο «λογαριασμοσ» τησ ενεργειακησ κρισησ στην εε - προειδοποιηση bruegel: μη βιωσιμο δημοσιονομικα https://tco/pfdssrhe92,4
"Ενεργειακή κρίση: Ο “λογαριασμός” των 500 δισ. είναι “δημοσιονομικά μη βιώσιμος”  – Κίνδυνος διάλυσης της Ευρώπης,
https://t.co/uwwDhHmstZ,",ενεργειακη κριση: ο “λογαριασμοσ” των 500 δισ ειναι “δημοσιονομικα μη βιωσιμοσ”  – κινδυνοσ διαλυσησ τησ ευρωπησ https://tco/uwwdhhmstz,4
"Ενεργειακή κρίση: Ο “λογαριασμός” των 500 δισ. είναι “δημοσιονομικά μη βιώσιμος”  – Κίνδυνος διάλυσης της Ευρώπης,
https://t.co/uwwDhHn0jx,",ενεργειακη κριση: ο “λογαριασμοσ” των 500 δισ ειναι “δημοσιονομικα μη βιωσιμοσ”  – κινδυνοσ διαλυσησ τησ ευρωπησ https://tco/uwwdhhn0jx,4
Ε.Ε.: Η αειφορία είναι ζωτικής σημασίας για τη βιωσιμότητα των ευρωπαϊκών αερομεταφορών https://t.co/SpQjpTOP85 https://t.co/1fUsU6f0S8,εε: η αειφορια ειναι ζωτικησ σημασιασ για τη βιωσιμοτητα των ευρωπαϊκων αερομεταφορων https://tco/spqjptop85 https://tco/1fusu6f0s8,4
Παραγωγή ενέργειας από ανανεώσιμες και εναλλακτικές πηγές https://t.co/OBPEROtLOa,παραγωγη ενεργειασ απο ανανεωσιμεσ και εναλλακτικεσ πηγεσ https://tco/obperotloa,4
Παραγωγή ενέργειας από ανανεώσιμες και εναλλακτικές πηγές https://t.co/DVxW9S8DkQ,παραγωγη ενεργειασ απο ανανεωσιμεσ και εναλλακτικεσ πηγεσ https://tco/dvxw9s8dkq,4
...https://t.co/98tHHLz6sb #GiTisElias #Pagidevmenoi ...,https://tco/98thhlz6sb #gitiselias #pagidevmenoi ,4
"➡️ Επενδύσεις ανανέωσης των τεχνολογιών χρήσης ορυκτών καυσίμων ή επιτάχυνση των επενδύσεων σε ανανεώσιμες πηγές ενέργειας;

⏩ Διαβάστε στη «Σημερινή» | Του Δρος Ανδρέα Πουλλικκά

https://t.co/gdvca1DCPC",➡️ επενδυσεισ ανανεωσησ των τεχνολογιων χρησησ ορυκτων καυσιμων η επιταχυνση των επενδυσεων σε ανανεωσιμεσ πηγεσ ενεργειασ;  ⏩ διαβαστε στη «σημερινη» | του δροσ ανδρεα πουλλικκα  https://tco/gdvca1dcpc,4
"RT @Etherea91414364: #Sasmos #Vasilikos
Ο Μαθιός λοιπόν ναι μεν ήξερε, αλλά στην ουσία δεν ήξερε τίποτα.
Όχι δεν μπορεί κάποιος που μεγαλών…", @etherea91414364: #sasmos #vasilikos ο μαθιοσ λοιπον ναι μεν ηξερε αλλα στην ουσια δεν ηξερε τιποτα οχι δεν μπορει καποιοσ που μεγαλων…,4
"RT @Etherea91414364: #Sasmos #Vasilikos
μάλιστα η ίδια η Βασιλική φρόντιζε να κρύβει επιμελως τα σημαδια και τις πληγές της σε σημείο που τ…", @etherea91414364: #sasmos #vasilikos μαλιστα η ιδια η βασιλικη φροντιζε να κρυβει επιμελωσ τα σημαδια και τισ πληγεσ τησ σε σημειο που τ…,4
"Για 4η χρονιά το μεγαλύτερο και επιδραστικότερο forum για τις Ανανεώσιμες Πηγές και την Αποθήκευση Ενέργειας που οργανώνει το energypress.
Για περισσότερες πληροφορίες https://t.co/tYvdlGCMiW
#energypressgr #renewablestorageforum #GreenEnergy #renewables #energystorage https://t.co/kI0B6JCcBc",για 4η χρονια το μεγαλυτερο και επιδραστικοτερο forum για τισ ανανεωσιμεσ πηγεσ και την αποθηκευση ενεργειασ που οργανωνει το energypress για περισσοτερεσ πληροφοριεσ https://tco/tyvdlgcmiw #energypressgr #renewablestorageforum #greenenergy #renewables #energystorage https://tco/ki0b6jccbc,4
"Επένδυση - μαμούθ  10,2 δισ. ευρώ του τσεχικού ενεργειακού ομίλου EPH σε ανανεώσιμες πηγές ενέργειας στην Γερμανία https://t.co/ZGH2Mnh55H",επενδυση - μαμουθ  102 δισ ευρω του τσεχικου ενεργειακου ομιλου eph σε ανανεωσιμεσ πηγεσ ενεργειασ στην γερμανια https://tco/zgh2mnh55h,4
"RT @Sylvestra_Jsc: Βλάκας είναι αυτός που έχει ένα χωράφι,το δίνει σε ένα Γερμανό,μετά ο ίδιος επιδοτεί τον Γερμανό.&amp; μετά ο βλάκας αγοράζε…", @sylvestra_jsc: βλακασ ειναι αυτοσ που εχει ενα χωραφιτο δινει σε ενα γερμανομετα ο ιδιοσ επιδοτει τον γερμανο&amp; μετα ο βλακασ αγοραζε…,4
"Η απάτη των Ανανεώσιμων Πηγών Ενέργειας: Είναι πανάκριβες, πιο επβλαβείς για το περιβάλλον και όταν τις χρειάζεσαι, απλώς δεν τις έχεις https://t.co/mAoR5WxOuc",η απατη των ανανεωσιμων πηγων ενεργειασ: ειναι πανακριβεσ πιο επβλαβεισ για το περιβαλλον και οταν τισ χρειαζεσαι απλωσ δεν τισ εχεισ https://tco/maor5wxouc,4
"Η απάτη των Ανανεώσιμων Πηγών Ενέργειας: Είναι πανάκριβες, πιο επβλαβείς για το περιβάλλον και όταν τις χρειάζεσαι, απλώς δεν τις έχεις https://t.co/3m5w3AIofN",η απατη των ανανεωσιμων πηγων ενεργειασ: ειναι πανακριβεσ πιο επβλαβεισ για το περιβαλλον και οταν τισ χρειαζεσαι απλωσ δεν τισ εχεισ https://tco/3m5w3aiofn,4
"Η απάτη των Ανανεώσιμων Πηγών Ενέργειας: Είναι πανάκριβες, πιο επβλαβείς για το περιβάλλον και όταν τις χρειάζεσαι, απλώς δεν τις έχεις https://t.co/HHEAQTXFii",η απατη των ανανεωσιμων πηγων ενεργειασ: ειναι πανακριβεσ πιο επβλαβεισ για το περιβαλλον και οταν τισ χρειαζεσαι απλωσ δεν τισ εχεισ https://tco/hheaqtxfii,4
"Η απάτη των Ανανεώσιμων Πηγών Ενέργειας: Είναι πανάκριβες, πιο επβλαβείς για το περιβάλλον και όταν τις χρειάζεσαι, απλώς δεν τις έχεις https://t.co/70mxS72L42",η απατη των ανανεωσιμων πηγων ενεργειασ: ειναι πανακριβεσ πιο επβλαβεισ για το περιβαλλον και οταν τισ χρειαζεσαι απλωσ δεν τισ εχεισ https://tco/70mxs72l42,4
"Η απάτη των Ανανεώσιμων Πηγών Ενέργειας: Είναι πανάκριβες, πιο επβλαβείς για το περιβάλλον και όταν τις χρειάζεσαι, απλώς δεν τις έχεις https://t.co/0kqyloypGK",η απατη των ανανεωσιμων πηγων ενεργειασ: ειναι πανακριβεσ πιο επβλαβεισ για το περιβαλλον και οταν τισ χρειαζεσαι απλωσ δεν τισ εχεισ https://tco/0kqyloypgk,4
"Η απάτη των Ανανεώσιμων Πηγών Ενέργειας: Είναι πανάκριβες, πιο επιβλαβείς για το περιβάλλον και όταν τις χρειάζεσαι, απλώς δεν τις έχεις https://t.co/gHfD39jl4c",η απατη των ανανεωσιμων πηγων ενεργειασ: ειναι πανακριβεσ πιο επιβλαβεισ για το περιβαλλον και οταν τισ χρειαζεσαι απλωσ δεν τισ εχεισ https://tco/ghfd39jl4c,4
"Η απάτη των Ανανεώσιμων Πηγών Ενέργειας: Είναι πανάκριβες, πιο επιβλαβείς για το περιβάλλον και όταν τις χρειάζεσαι, απλώς δεν τις έχεις https://t.co/38qmz4H9bs",η απατη των ανανεωσιμων πηγων ενεργειασ: ειναι πανακριβεσ πιο επιβλαβεισ για το περιβαλλον και οταν τισ χρειαζεσαι απλωσ δεν τισ εχεισ https://tco/38qmz4h9bs,4
"Για πρώτη φορά στην ιστορία του ελληνικού ηλεκτρικού συστήματος, την περασμένη Παρασκευή 7 Οκτωβρίου από τις 11 το πρωί ως τις 4 το μεσημέρι η ζήτηση καλύφθηκε κατά 100% από ανανεώσιμες πηγές ενέργειας. #mononewsGR https://t.co/l7r5kdicbt",για πρωτη φορα στην ιστορια του ελληνικου ηλεκτρικου συστηματοσ την περασμενη παρασκευη 7 οκτωβριου απο τισ 11 το πρωι ωσ τισ 4 το μεσημερι η ζητηση καλυφθηκε κατα 100% απο ανανεωσιμεσ πηγεσ ενεργειασ #mononewsgr https://tco/l7r5kdicbt,4
[Κλικ και διαβάστε στο cnn]ΑΔΜΗΕ: Νέο ιστορικό υψηλό για την  #Παράγωγή ηλεκτρικής ενέργειας από Ανανεώσιμες Πηγές Ενέργειας https://t.co/IjTxukIuyx,[κλικ και διαβαστε στο cnn]αδμηε: νεο ιστορικο υψηλο για την  #παραγωγη ηλεκτρικησ ενεργειασ απο ανανεωσιμεσ πηγεσ ενεργειασ https://tco/ijtxukiuyx,4
Μητσοτάκης για Ανανεώσιμες Πηγές Ενέργειας: Η Ελλάδα αναδύεται ταχέως ως ένας πρωταγωνιστής https://t.co/BrJoPGdlC9,μητσοτακησ για ανανεωσιμεσ πηγεσ ενεργειασ: η ελλαδα αναδυεται ταχεωσ ωσ ενασ πρωταγωνιστησ https://tco/brjopgdlc9,4
Μητσοτάκης για Ανανεώσιμες Πηγές Ενέργειας: Η Ελλάδα αναδύεται ταχέως ως ένας πρωταγωνιστής - https://t.co/HyUGCNcMhX,μητσοτακησ για ανανεωσιμεσ πηγεσ ενεργειασ: η ελλαδα αναδυεται ταχεωσ ωσ ενασ πρωταγωνιστησ - https://tco/hyugcncmhx,4
RT @LykavitosGr: Μητσοτάκης: Η Ελλάδα αναδύεται ταχέως σε πρωταγωνίστρια στις Ανανεώσιμες Πηγές Ενέργειας   #Μητσοτάκης https://t.co/AhTCJg…, @lykavitosgr: μητσοτακησ: η ελλαδα αναδυεται ταχεωσ σε πρωταγωνιστρια στισ ανανεωσιμεσ πηγεσ ενεργειασ   #μητσοτακησ https://tco/ahtcjg…,4
RT @LykavitosGr: Μητσοτάκης: Η Ελλάδα αναδύεται ταχέως σε πρωταγωνίστρια στις Ανανεώσιμες Πηγές Ενέργειας   #Μητσοτάκης https://t.co/AhTCJg…, @lykavitosgr: μητσοτακησ: η ελλαδα αναδυεται ταχεωσ σε πρωταγωνιστρια στισ ανανεωσιμεσ πηγεσ ενεργειασ   #μητσοτακησ https://tco/ahtcjg…,4
Κ.Μητσοτάκης: «Πρέπει να κινηθούμε ταχύτερα για περισσότερες Ανανεώσιμες Πηγές Ενέργειας» https://t.co/x6s6Z5ktYO,κμητσοτακησ: «πρεπει να κινηθουμε ταχυτερα για περισσοτερεσ ανανεωσιμεσ πηγεσ ενεργειασ» https://tco/x6s6z5ktyo,4
Η Ελλάδα πρωταγωνιστής στις Ανανεώσιμες Πηγές Ενέργειας – Η ανάρτηση Μητσοτάκη https://t.co/i8UQX1wDpO,η ελλαδα πρωταγωνιστησ στισ ανανεωσιμεσ πηγεσ ενεργειασ – η αναρτηση μητσοτακη https://tco/i8uqx1wdpo,4
Reuters : Οι ελληνικές ανανεώσιμες πηγές ενέργειας κάλυψαν πλήρως (για ώρες ) τη ζήτηση ηλεκτρικής ενέργειας για πρώτη φορά. Σημαντική αύξηση των εναλλακτικών πηγών ενέργειας https://t.co/L4S6qLSqWe,reuters : οι ελληνικεσ ανανεωσιμεσ πηγεσ ενεργειασ καλυψαν πληρωσ (για ωρεσ ) τη ζητηση ηλεκτρικησ ενεργειασ για πρωτη φορα σημαντικη αυξηση των εναλλακτικων πηγων ενεργειασ https://tco/l4s6qlsqwe,4
Μητσοτάκης: Η Ελλάδα αναδεικνύεται σε ηγετική δύναμη στις Ανανεώσιμες Πηγές Ενέργειας--https://t.co/0vaZQjMSO4,μητσοτακησ: η ελλαδα αναδεικνυεται σε ηγετικη δυναμη στισ ανανεωσιμεσ πηγεσ ενεργειασ--https://tco/0vazqjmso4,4
Μητσοτάκης: Η Ελλάδα αναδύεται ταχέως σε πρωταγωνίστρια στις Ανανεώσιμες Πηγές Ενέργειας https://t.co/MgUK8QAd97 #Pagidevmenoi #Sasmos #gntmgr #kaneotikoimasai #GiTisElias,μητσοτακησ: η ελλαδα αναδυεται ταχεωσ σε πρωταγωνιστρια στισ ανανεωσιμεσ πηγεσ ενεργειασ https://tco/mguk8qad97 #pagidevmenoi #sasmos #gntmgr #kaneotikoimasai #gitiselias,4
Βρετανία: Πλαφόν στα έσοδα των παραγωγών ενέργειας από ανανεώσιμες πηγές https://t.co/KrovgWGhLN #businessnewsgr,βρετανια: πλαφον στα εσοδα των παραγωγων ενεργειασ απο ανανεωσιμεσ πηγεσ https://tco/krovgwghln #businessnewsgr,4
Δ.Ε.Ε.Π. Μαγνησίας: Να κινηθούμε ταχύτερα για περισσότερες Ανανεώσιμες Πηγές Ενέργειας https://t.co/3hx6qTdfNU,δεεπ μαγνησιασ: να κινηθουμε ταχυτερα για περισσοτερεσ ανανεωσιμεσ πηγεσ ενεργειασ https://tco/3hx6qtdfnu,4
ΕΟΤ:  Οι βρετανοί απέκτησαν πλατφόρμα για τον βιώσιμο τουρισμό στην Ελλάδα https://t.co/WvJGI4O5F5,εοτ:  οι βρετανοι απεκτησαν πλατφορμα για τον βιωσιμο τουρισμο στην ελλαδα https://tco/wvjgi4o5f5,4
ΕΟΤ: Οι βρετανοί απέκτησαν πλατφόρμα για τον βιώσιμο τουρισμό στην Ελλάδα https://t.co/bwPQjKxhYk,εοτ: οι βρετανοι απεκτησαν πλατφορμα για τον βιωσιμο τουρισμο στην ελλαδα https://tco/bwpqjkxhyk,4
ΕΟΤ: Παρουσίαση στην βρετανική αγορά πλατφόρμας για τον βιώσιμο τουρισμό στην Ελλάδα https://t.co/gYMSyFhgWY,εοτ: παρουσιαση στην βρετανικη αγορα πλατφορμασ για τον βιωσιμο τουρισμο στην ελλαδα https://tco/gymsyfhgwy,4
"RT @LykavitosGr: Οι ανανεώσιμες πηγές και το μέλλον της χώρας, η στόχευση της Κυβέρνησης σε αγρότες και συνταξιούχους, ο φόβος για μια πυρη…", @lykavitosgr: οι ανανεωσιμεσ πηγεσ και το μελλον τησ χωρασ η στοχευση τησ κυβερνησησ σε αγροτεσ και συνταξιουχουσ ο φοβοσ για μια πυρη…,4
"RT @LykavitosGr: Οι ανανεώσιμες πηγές και το μέλλον της χώρας, η στόχευση της Κυβέρνησης σε αγρότες και συνταξιούχους, ο φόβος για μια πυρη…", @lykavitosgr: οι ανανεωσιμεσ πηγεσ και το μελλον τησ χωρασ η στοχευση τησ κυβερνησησ σε αγροτεσ και συνταξιουχουσ ο φοβοσ για μια πυρη…,4
EOT: Παρουσίαση στη βρετανική αγορά πλατφόρμας για τον βιώσιμο τουρισμό στην Ελλάδα - https://t.co/b4ZChCca8a https://t.co/vZigmOQ6QU,eot: παρουσιαση στη βρετανικη αγορα πλατφορμασ για τον βιωσιμο τουρισμο στην ελλαδα - https://tco/b4zchcca8a https://tco/vzigmoq6qu,4
Προς νέο ρεκόρ για τις Ανανεώσιμες Πηγές Ενέργειας – Σπάνε το φράγμα των 10.000 μεγαβάτ https://t.co/vPeY8PgT4C #businessnewsgr,προσ νεο ρεκορ για τισ ανανεωσιμεσ πηγεσ ενεργειασ – σπανε το φραγμα των 10000 μεγαβατ https://tco/vpey8pgt4c #businessnewsgr,4
Μαρούσι: Νέο καδοπλυντήριο και υπερσύγχρονη υδροφόρα https://t.co/EQvcb1O3XN,μαρουσι: νεο καδοπλυντηριο και υπερσυγχρονη υδροφορα https://tco/eqvcb1o3xn,4
"Προς νέο ρεκόρ για τις Ανανεώσιμες Πηγές Ενέργειας  

Σπάνε το φράγμα των 10.000 μεγαβάτ

https://t.co/QWbNkwVbDP",προσ νεο ρεκορ για τισ ανανεωσιμεσ πηγεσ ενεργειασ    σπανε το φραγμα των 10000 μεγαβατ  https://tco/qwbnkwvbdp,4
Προς νέο ρεκόρ οι Ανανεώσιμες Πηγές Ενέργειας – Σπάνε το φράγμα των 10.000 μεγαβάτ--https://t.co/ykIWxN0zH1,προσ νεο ρεκορ οι ανανεωσιμεσ πηγεσ ενεργειασ – σπανε το φραγμα των 10000 μεγαβατ--https://tco/ykiwxn0zh1,4
Προς νέο ρεκόρ για τις Ανανεώσιμες Πηγές Ενέργειας – Σπάνε το φράγμα των 10.000 μεγαβάτ - https://t.co/eiOPQNT0y0 https://t.co/AQIr3eEVyc,προσ νεο ρεκορ για τισ ανανεωσιμεσ πηγεσ ενεργειασ – σπανε το φραγμα των 10000 μεγαβατ - https://tco/eiopqnt0y0 https://tco/aqir3eevyc,4
Προς νέο ρεκόρ για τις Ανανεώσιμες Πηγές Ενέργειας - Σπάνε το φράγμα των 10.000 μεγαβάτ - https://t.co/R0SVXksO4n https://t.co/oVnFlh5Dos,προσ νεο ρεκορ για τισ ανανεωσιμεσ πηγεσ ενεργειασ - σπανε το φραγμα των 10000 μεγαβατ - https://tco/r0svxkso4n https://tco/ovnflh5dos,4
Προς νέο ρεκόρ για τις Ανανεώσιμες Πηγές Ενέργειας – Σπάνε το φράγμα των 10.000 μεγαβάτ - https://t.co/x2Ht4XeAVG https://t.co/IIDOiwxm1v,προσ νεο ρεκορ για τισ ανανεωσιμεσ πηγεσ ενεργειασ – σπανε το φραγμα των 10000 μεγαβατ - https://tco/x2ht4xeavg https://tco/iidoiwxm1v,4
Προς νέο ρεκόρ για τις Ανανεώσιμες Πηγές Ενέργειας – Σπάνε το φράγμα των 10.000 μεγαβάτ - LarissaPress https://t.co/1SjLBZvm68,προσ νεο ρεκορ για τισ ανανεωσιμεσ πηγεσ ενεργειασ – σπανε το φραγμα των 10000 μεγαβατ - larissapress https://tco/1sjlbzvm68,4
"Μετά το ρεκόρ όλων των εποχών για τις ανανεώσιμες πηγές ενέργειας, που για πρώτη φορά υπερκάλυψαν επί 5 ώρες τη ζήτηση ρεύματος την Παρασκευή 7 Οκτωβρίου, άλλο ένα ορόσημο αναμένεται να σπάσει μέσα στη χρονιά... https://t.co/HGH6F0PJ3u",μετα το ρεκορ ολων των εποχων για τισ ανανεωσιμεσ πηγεσ ενεργειασ που για πρωτη φορα υπερκαλυψαν επι 5 ωρεσ τη ζητηση ρευματοσ την παρασκευη 7 οκτωβριου αλλο ενα οροσημο αναμενεται να σπασει μεσα στη χρονια https://tco/hgh6f0pj3u,4
Σπάνε το φράγμα των 10.000 μεγαβάτ οι Ανανεώσιμες Πηγές Ενέργειας https://t.co/9iJSBR2Ubo,σπανε το φραγμα των 10000 μεγαβατ οι ανανεωσιμεσ πηγεσ ενεργειασ https://tco/9ijsbr2ubo,4
"Spiegel: Η Ελλάδα καταρρίπτει ένα ρεκόρ- Κάλυψε για πρώτη φορά τις ανάγκες της, με Ανανεώσιμες Πηγές Ενέργειας--https://t.co/4ycMFAqjZG",spiegel: η ελλαδα καταρριπτει ενα ρεκορ- καλυψε για πρωτη φορα τισ αναγκεσ τησ με ανανεωσιμεσ πηγεσ ενεργειασ--https://tco/4ycmfaqjzg,4
RT @LykavitosGr: Spiegel: Η Ελλάδα καλύπτει για πρώτη φορά τις ανάγκες της με ΑΠΕ  #Spiegel #Ελλάδα #ΑΠΕ #ανανεώσιμες_πηγές_ενέργειας https…, @lykavitosgr: spiegel: η ελλαδα καλυπτει για πρωτη φορα τισ αναγκεσ τησ με απε  #spiegel #ελλαδα #απε #ανανεωσιμεσ_πηγεσ_ενεργειασ https…,4
RT @LykavitosGr: Spiegel: Η Ελλάδα καλύπτει για πρώτη φορά τις ανάγκες της με ΑΠΕ  #Spiegel #Ελλάδα #ΑΠΕ #ανανεώσιμες_πηγές_ενέργειας https…, @lykavitosgr: spiegel: η ελλαδα καλυπτει για πρωτη φορα τισ αναγκεσ τησ με απε  #spiegel #ελλαδα #απε #ανανεωσιμεσ_πηγεσ_ενεργειασ https…,4
Ο κλάδος της κρουαζιέρας αποδεικνύει τη δέσμευσή του για κρουαζιέρα με μηδενικό αποτύπωμα άνθρακα παγκοσμίως έως το 2050 https://t.co/7Kr6ubgtYa,ο κλαδοσ τησ κρουαζιερασ αποδεικνυει τη δεσμευση του για κρουαζιερα με μηδενικο αποτυπωμα ανθρακα παγκοσμιωσ εωσ το 2050 https://tco/7kr6ubgtya,4
"Σκυλακάκης στη Βουλή: Η επένδυση στις Ανανεώσιμες Πηγές Ενέργειας είναι μονόδρομος, αποτελούν το μέλλον

https://t.co/VOxNojjnuU",σκυλακακησ στη βουλη: η επενδυση στισ ανανεωσιμεσ πηγεσ ενεργειασ ειναι μονοδρομοσ αποτελουν το μελλον  https://tco/voxnojjnuu,4
Ωριωνίδες: Την Παρασκευή η «βροχή» από τα πεφταστέρια του φθινοπώρου https://t.co/lmg8gECV4O,ωριωνιδεσ: την παρασκευη η «βροχη» απο τα πεφταστερια του φθινοπωρου https://tco/lmg8gecv4o,4
"Σχολεία αντικαθίστανται από αστυνομικά τμήματα - Επαναφέρει μια διάταξη για κατάργηση αναδασώσεων, ενώ δίνει πράσινο φως σε Ανανεώσιμες Πηγές Ενέργειας μέσα σε δάση
https://t.co/1SfQ5DAjau",σχολεια αντικαθιστανται απο αστυνομικα τμηματα - επαναφερει μια διαταξη για καταργηση αναδασωσεων ενω δινει πρασινο φωσ σε ανανεωσιμεσ πηγεσ ενεργειασ μεσα σε δαση https://tco/1sfq5dajau,4
Ο κλάδος της κρουαζιέρας αποδεικνύει τη δέσμευσή του για κρουαζιέρα με μηδενικό αποτύπωμα άνθρακα παγκοσμίως έως το 2050 https://t.co/6CWqp2ZOFM,ο κλαδοσ τησ κρουαζιερασ αποδεικνυει τη δεσμευση του για κρουαζιερα με μηδενικο αποτυπωμα ανθρακα παγκοσμιωσ εωσ το 2050 https://tco/6cwqp2zofm,4
Βριλησσός: To νέο ετήσιο πρόγραμμα https://t.co/yy1yO7ft1D,βριλησσοσ: to νεο ετησιο προγραμμα https://tco/yy1yo7ft1d,4
Έκλειψη ηλίου: Πότε θα γίνει και τι ώρα θα είναι ορατή στην κεντρική Ελλάδα https://t.co/GCDYsZnmoe,εκλειψη ηλιου: ποτε θα γινει και τι ωρα θα ειναι ορατη στην κεντρικη ελλαδα https://tco/gcdysznmoe,4
IEA: Αξιολόγησε τη βιωσιμότητα του Power of Siberia 2 στη Ρωσία - Οι Κινέζοι ποντάρουν στις ανανεώσιμες πηγές ενέργειας https://t.co/otG4gH4SKV,iea: αξιολογησε τη βιωσιμοτητα του power of siberia 2 στη ρωσια - οι κινεζοι πονταρουν στισ ανανεωσιμεσ πηγεσ ενεργειασ https://tco/otg4gh4skv,4
Bέλγιο: «Μειώστε τη διάρκεια του ντους» για εξοικονόμηση ενέργειας προτρέπει ίδρυμα για το περιβάλλον--https://t.co/WSstyAXEjf,bελγιο: «μειωστε τη διαρκεια του ντουσ» για εξοικονομηση ενεργειασ προτρεπει ιδρυμα για το περιβαλλον--https://tco/wsstyaxejf,4
Bέλγιο: Ίδρυμα για το περιβάλλον καλεί να... μειώσουμε τη διάρκεια του ντους για εξοικονόμηση ενέργειας https://t.co/xbWQ5stC9x,bελγιο: ιδρυμα για το περιβαλλον καλει να μειωσουμε τη διαρκεια του ντουσ για εξοικονομηση ενεργειασ https://tco/xbwq5stc9x,4
Bέλγιο: Για μείωση της διάρκειας του ντους με στόχο την εξοικονόμηση ενέργειας καλεί ίδρυμα για το περιβάλλον https://t.co/xRmlm7TCxv,bελγιο: για μειωση τησ διαρκειασ του ντουσ με στοχο την εξοικονομηση ενεργειασ καλει ιδρυμα για το περιβαλλον https://tco/xrmlm7tcxv,4
"Bέλγιο: Μειώστε τη διάρκεια του ντους για εξοικονόμηση ενέργειας, λέει ίδρυμα για το περιβάλλον https://t.co/v5UOdtwWUu",bελγιο: μειωστε τη διαρκεια του ντουσ για εξοικονομηση ενεργειασ λεει ιδρυμα για το περιβαλλον https://tco/v5uodtwwuu,4
BNEF: Ανανεώσιμες πηγές ενέργειας και χρηματοδότηση για το κλίμα χαμένο στοίχημα οι επενδύσεις https://t.co/JbfYlLiAlz,bnef: ανανεωσιμεσ πηγεσ ενεργειασ και χρηματοδοτηση για το κλιμα χαμενο στοιχημα οι επενδυσεισ https://tco/jbfyllialz,4
Διεθνής Οργανισμός Ενέργειας: Η ρωσική εισβολή στην Ουκρανία  να οδηγήσει ταχύτερα στην «πράσινη ενέργεια» https://t.co/5Sq8wRLsot,διεθνησ οργανισμοσ ενεργειασ: η ρωσικη εισβολη στην ουκρανια  να οδηγησει ταχυτερα στην «πρασινη ενεργεια» https://tco/5sq8wrlsot,4
"RT @Vkikilias: 1η μέρα στην #WTMLDN 
•Πάνω από 3εκ Βρετανοί επισκέπτες στη χώρα μας το 2022.
•Νέες πτήσεις σε καινούργιους προορισμούς 🇬🇷 α…", @vkikilias: 1η μερα στην #wtmldn  •πανω απο 3εκ βρετανοι επισκεπτεσ στη χωρα μασ το 2022 •νεεσ πτησεισ σε καινουργιουσ προορισμουσ 🇬🇷 α…,4
Κικίλιας για συμφωνία με Common Seas: “H Ελλάδα στην πρωτοπορία της Ευρώπης για τον βιώσιμο τουρισμό” https://t.co/hhzBS09NrL,κικιλιασ για συμφωνια με common seas: “h ελλαδα στην πρωτοπορια τησ ευρωπησ για τον βιωσιμο τουρισμο” https://tco/hhzbs09nrl,4
"Βασίλης Κικίλιας για συμφωνία με Common Seas: ""H Ελλάδα στην πρωτοπορία της Ευρώπης για τον βιώσιμο τουρισμό"" https://t.co/ks2Qz98wG3 https://t.co/gGXIgJtIxV","βασιλησ κικιλιασ για συμφωνια με common seas: ""h ελλαδα στην πρωτοπορια τησ ευρωπησ για τον βιωσιμο τουρισμο"" https://tco/ks2qz98wg3 https://tco/ggxigjtixv",4
Βασίλης Κικίλιας για συμφωνία με Common Seas: “H Ελλάδα στην πρωτοπορία της Ευρώπης για τον βιώσιμο τουρισμό” - https://t.co/H0lA9DYL8y,βασιλησ κικιλιασ για συμφωνια με common seas: “h ελλαδα στην πρωτοπορια τησ ευρωπησ για τον βιωσιμο τουρισμο” - https://tco/h0la9dyl8y,4
Αη Στράτης: Το πρώτο πράσινο ελληνικό νησί - Θα χρησιμοποιεί μόνο ανανεώσιμες πηγές ενέργειας - https://t.co/u82yLEDhBr https://t.co/aJ2Mura3qZ,αη στρατησ: το πρωτο πρασινο ελληνικο νησι - θα χρησιμοποιει μονο ανανεωσιμεσ πηγεσ ενεργειασ - https://tco/u82yledhbr https://tco/aj2mura3qz,4
Η Φινλανδία είναι Νο1 βιώσιμος προορισμός της Ευρώπης για αγορές – Μεγάλη βελτίωση για την Ελλάδα https://t.co/kWvffrZ3jT,η φινλανδια ειναι νο1 βιωσιμοσ προορισμοσ τησ ευρωπησ για αγορεσ – μεγαλη βελτιωση για την ελλαδα https://tco/kwvffrz3jt,4
Κώστας Σκρέκας: «Οι Ανανεώσιμες Πηγές Ενέργειας είναι η λύση» Η Ελλάδα αναδεικνύεται σε πυλώνα ενεργειακής ασφάλειας και πράσινης μετάβασης https://t.co/ndUoQKU6eO https://t.co/Qkbl1Mvqnb,κωστασ σκρεκασ: «οι ανανεωσιμεσ πηγεσ ενεργειασ ειναι η λυση» η ελλαδα αναδεικνυεται σε πυλωνα ενεργειακησ ασφαλειασ και πρασινησ μεταβασησ https://tco/nduoqku6eo https://tco/qkbl1mvqnb,4
Κ. Σκρέκας: Πυλώνας ενεργειακής ασφάλειας η Ελλάδα – Λύση οι Ανανεώσιμες Πηγές Ενέργειας - LarissaPress https://t.co/Ma15lBZWYI,κ σκρεκασ: πυλωνασ ενεργειακησ ασφαλειασ η ελλαδα – λυση οι ανανεωσιμεσ πηγεσ ενεργειασ - larissapress https://tco/ma15lbzwyi,4
Κώστας Σκρέκας: «Οι Ανανεώσιμες Πηγές Ενέργειας είναι η λύση»--https://t.co/gNIzU6bana,κωστασ σκρεκασ: «οι ανανεωσιμεσ πηγεσ ενεργειασ ειναι η λυση»--https://tco/gnizu6bana,4
"Κώστας Σκρέκας: Οι Ανανεώσιμες Πηγές Ενέργειας είναι η λύση - Ρεπορτάζ και ειδήσεις για την Οικονομία, τις Επιχειρήσεις, το Χρηματιστήριο, την Πολιτική #mononewsGR https://t.co/1KBetbIds3",κωστασ σκρεκασ: οι ανανεωσιμεσ πηγεσ ενεργειασ ειναι η λυση - ρεπορταζ και ειδησεισ για την οικονομια τισ επιχειρησεισ το χρηματιστηριο την πολιτικη #mononewsgr https://tco/1kbetbids3,4
Σκρέκας: Οι Ανανεώσιμες Πηγές Ενέργειας είναι η λύση https://t.co/nBISpOPSWt,σκρεκασ: οι ανανεωσιμεσ πηγεσ ενεργειασ ειναι η λυση https://tco/nbispopswt,4
"RT @Fenagytaxase479: Στα είκοσι χρόνια του έγγαμου βίου της με τον Στεφανή ζούσε μέσα στο φόβο, εκτελώντας κατά γράμμα τις εντολές του, ενώ…", @fenagytaxase479: στα εικοσι χρονια του εγγαμου βιου τησ με τον στεφανη ζουσε μεσα στο φοβο εκτελωντασ κατα γραμμα τισ εντολεσ του ενω…,4
Ελλάδα: Δεύτερη παγκοσμίως σε ελκυστικότητα επενδύσεων για Ανανεώσιμες πηγές ενέργειας https://t.co/UXrFwUy0ZI,ελλαδα: δευτερη παγκοσμιωσ σε ελκυστικοτητα επενδυσεων για ανανεωσιμεσ πηγεσ ενεργειασ https://tco/uxrfwuy0zi,4
Ernst&amp;Young : Στη δεύτερη θέση παγκοσμίως η Ελλάδα σε ελκυστικότητα για επενδύσεις σε Ανανεώσιμες Πηγές Ενέργειας https://t.co/u8iXR56Qrk,ernst&amp;young : στη δευτερη θεση παγκοσμιωσ η ελλαδα σε ελκυστικοτητα για επενδυσεισ σε ανανεωσιμεσ πηγεσ ενεργειασ https://tco/u8ixr56qrk,4
Ανανεώσιμες Πηγές Ενέργειας: Γιατί αντιδρά η ΕΛΕΤΑΕΝ στις Ειδικές Περιβαλλοντικές Μελέτες https://t.co/vaYzCrMVuA #businessnewsgr,ανανεωσιμεσ πηγεσ ενεργειασ: γιατι αντιδρα η ελεταεν στισ ειδικεσ περιβαλλοντικεσ μελετεσ https://tco/vayzcrmvua #businessnewsgr,4
"Η Linde Hellas ανακοίνωσε ότι ξεκίνησε την παραγωγή πράσινου υδρογόνου στις εγκαταστάσεις της στη Μάνδρα, χρησιμοποιώντας ανανεώσιμες πηγές ενέργειας για την ηλεκτρόλυση διαλύματος KOH",η linde hellas ανακοινωσε οτι ξεκινησε την παραγωγη πρασινου υδρογονου στισ εγκαταστασεισ τησ στη μανδρα χρησιμοποιωντασ ανανεωσιμεσ πηγεσ ενεργειασ για την ηλεκτρολυση διαλυματοσ koh,4
Οι ανανεώσιμες πηγές ενέργειας στο επίκεντρο του 5th Athens Investment Forum https://t.co/zajFbokMjr,οι ανανεωσιμεσ πηγεσ ενεργειασ στο επικεντρο του 5th athens investment forum https://tco/zajfbokmjr,4
Μ. Σχοινάς: Έχει έρθει η ώρα για ένα βιώσιμο ευρωπαϊκό πλαίσιο ασύλου και μετανάστευσης https://t.co/GOqTlxNQhn #gntmgr #Pagidevmenoi #GiTisElias #kaneotikoimasai #Sasmos,μ σχοινασ: εχει ερθει η ωρα για ενα βιωσιμο ευρωπαϊκο πλαισιο ασυλου και μεταναστευσησ https://tco/goqtlxnqhn #gntmgr #pagidevmenoi #gitiselias #kaneotikoimasai #sasmos,4
"Στις 26 και 27 Νοεμβρίου 2022 στο θέατρο «Μίκης Θεοδωράκης» θα διοργανωθεί το «Climathon» των Χανίων, μια δράση ιδεών για το κλίμα, φιλική προς τις οικογένειες και τα παιδιά, με δωρεάν συμμετοχή. https://t.co/z18TvzWPn9",στισ 26 και 27 νοεμβριου 2022 στο θεατρο «μικησ θεοδωρακησ» θα διοργανωθει το «climathon» των χανιων μια δραση ιδεων για το κλιμα φιλικη προσ τισ οικογενειεσ και τα παιδια με δωρεαν συμμετοχη https://tco/z18tvzwpn9,4
"Ο Όμιλος Motor Oil το 2030: Επενδύει 2,5 δισ  ευρώ για ένα πιο βιώσιμο μέλλον. https://t.co/Vwe8V7D4Ho",ο ομιλοσ motor oil το 2030: επενδυει 25 δισ  ευρω για ενα πιο βιωσιμο μελλον https://tco/vwe8v7d4ho,4
Γερμανία - «Τελευταία γενιά»: Οργή για τη δράση των ακτιβιστών για το κλίμα - https://t.co/uuo1NeZ6QO https://t.co/sfI7fofCle,γερμανια - «τελευταια γενια»: οργη για τη δραση των ακτιβιστων για το κλιμα - https://tco/uuo1nez6qo https://tco/sfi7fofcle,4
Γερμανία: Κυβέρνηση και αντιπολίτευση καταδικάζουν τη δράση των ακραίων ακτιβιστών για το κλίμα “Τελευταία Γενιά” https://t.co/Wgv7IsRrsg,γερμανια: κυβερνηση και αντιπολιτευση καταδικαζουν τη δραση των ακραιων ακτιβιστων για το κλιμα “τελευταια γενια” https://tco/wgv7isrrsg,4
Γερμανία: Κυβέρνηση και αντιπολίτευση καταδικάζουν τη δράση των ακτιβιστών για το κλίμα «Τελευταία Γενιά» https://t.co/8GUfj3QYTq,γερμανια: κυβερνηση και αντιπολιτευση καταδικαζουν τη δραση των ακτιβιστων για το κλιμα «τελευταια γενια» https://tco/8gufj3qytq,4
Coca-Cola στην Ελλάδα: Ορίζοντες για ένα πιο βιώσιμο μέλλον | CNN Greece https://t.co/bWUvmWKyXx,coca-cola στην ελλαδα: οριζοντεσ για ενα πιο βιωσιμο μελλον | cnn greece https://tco/bwuvmwkyxx,4
RT @pprodromou: Σύνοδος Συμβουλίου Παιδείας και Νεολαίας Ε.Ε. ✅Διαδρομές σχολικής επιτυχίας κ ευημερία στην ψηφιακή εκπαίδευση ✅Ευρωπαϊκό Έ…, @pprodromou: συνοδοσ συμβουλιου παιδειασ και νεολαιασ εε ✅διαδρομεσ σχολικησ επιτυχιασ κ ευημερια στην ψηφιακη εκπαιδευση ✅ευρωπαϊκο ε…,4
"Την ένταξη του έργου του Δήμου Χανίων «Ελληνικές έξυπνες πόλεις: Επενδύσεις σε υποδομές και συστήματα SSC για ένα βιώσιμο και πράσινο αστικό μέλλον» , με συνολικό προϋπολογισμό 2.970.000 ευρώ, στο Ταμείο Ανάκαμψης και Ανθεκτικότητας, ενέκρινε με απόφασή… https://t.co/H14RAlx7DB",την ενταξη του εργου του δημου χανιων «ελληνικεσ εξυπνεσ πολεισ: επενδυσεισ σε υποδομεσ και συστηματα ssc για ενα βιωσιμο και πρασινο αστικο μελλον»  με συνολικο προϋπολογισμο 2970000 ευρω στο ταμειο ανακαμψησ και ανθεκτικοτητασ ενεκρινε με αποφαση… https://tco/h14ralx7db,4
"Διεθνής Οργανισμός Ενέργειας: Η #ενεργειακή_κρίση δίνει πρωτοφανή ώθηση στις ανανεώσιμες πηγές

https://t.co/DWBaz896o1 https://t.co/ddLfH73zub",διεθνησ οργανισμοσ ενεργειασ: η #ενεργειακη_κριση δινει πρωτοφανη ωθηση στισ ανανεωσιμεσ πηγεσ  https://tco/dwbaz896o1 https://tco/ddlfh73zub,4
"RT @thistimefromme: Τις επόμενες ώρες θα ενταθούν οι σεισμικές δονήσεις σε όλο τον κόσμο, και θα υπάρχουν πολλά blackout; Για να δούμε θα τ…", @thistimefromme: τισ επομενεσ ωρεσ θα ενταθουν οι σεισμικεσ δονησεισ σε ολο τον κοσμο και θα υπαρχουν πολλα blackout; για να δουμε θα τ…,4
Από ανανεώσιμες πηγές το 39% της ζήτησης ηλεκτρικής ενέργειας το 2022 https://t.co/HuhcKdudGi,απο ανανεωσιμεσ πηγεσ το 39% τησ ζητησησ ηλεκτρικησ ενεργειασ το 2022 https://tco/huhckdudgi,4
Από ανανεώσιμες πηγές το 39% της ζήτησης ηλεκτρικής ενέργειας το 2022 https://t.co/ZbafaM9HJ4,απο ανανεωσιμεσ πηγεσ το 39% τησ ζητησησ ηλεκτρικησ ενεργειασ το 2022 https://tco/zbafam9hj4,4
"Από ανανεώσιμες πηγές το 39% της ζήτησης ηλεκτρικής ενέργειας το 2022 - Ρεπορτάζ και ειδήσεις για την Οικονομία, τις Επιχειρήσεις, το Χρηματιστήριο, την Πολιτική #mononewsGR https://t.co/pRthFqPcGt",απο ανανεωσιμεσ πηγεσ το 39% τησ ζητησησ ηλεκτρικησ ενεργειασ το 2022 - ρεπορταζ και ειδησεισ για την οικονομια τισ επιχειρησεισ το χρηματιστηριο την πολιτικη #mononewsgr https://tco/phfqpcgt,4
Από ανανεώσιμες πηγές το 39% της ζήτησης ηλεκτρικής ενέργειας το 2022 https://t.co/ySVGzkUcPJ #GiTisElias #gntmgr #Pagidevmenoi #Sasmos #kaneotikoimasai,απο ανανεωσιμεσ πηγεσ το 39% τησ ζητησησ ηλεκτρικησ ενεργειασ το 2022 https://tco/ysvgzkucpj #gitiselias #gntmgr #pagidevmenoi #sasmos #kaneotikoimasai,4
"Από ανανεώσιμες πηγές το 39% της ζήτησης ηλεκτρικής ενέργειας το 2022

https://t.co/g0le8O6HMA",απο ανανεωσιμεσ πηγεσ το 39% τησ ζητησησ ηλεκτρικησ ενεργειασ το 2022  https://tco/g0le8o6hma,4
Από ανανεώσιμες πηγές το 39% της ζήτησης ηλεκτρικής ενέργειας το 2022 https://t.co/V9mJ0241FJ,απο ανανεωσιμεσ πηγεσ το 39% τησ ζητησησ ηλεκτρικησ ενεργειασ το 2022 https://tco/v9mj0241fj,4
Διατηρεί η ΕΕ τον στόχο για τις ανανεώσιμες πηγές ενέργειας στο 40% https://t.co/xGVt99FAA3,διατηρει η εε τον στοχο για τισ ανανεωσιμεσ πηγεσ ενεργειασ στο 40% https://tco/xgvt99faa3,4
RT @Moneypressgr: Στο 40% διατηρεί η ΕΕ τον στόχο για τις ανανεώσιμες πηγές ενέργειας  #moneypress https://t.co/QHz0DGFGMa https://t.co/Alu…, @moneypressgr: στο 40% διατηρει η εε τον στοχο για τισ ανανεωσιμεσ πηγεσ ενεργειασ  #moneypress https://tco/qhz0dgfgma https://tco/alu…,4
Στο 40% διατηρεί η ΕΕ τον στόχο για τις ανανεώσιμες πηγές ενέργειας  #moneypress https://t.co/QHz0DGFGMa https://t.co/Alu23Vw8zn,στο 40% διατηρει η εε τον στοχο για τισ ανανεωσιμεσ πηγεσ ενεργειασ  #moneypress https://tco/qhz0dgfgma https://tco/alu23vw8zn,4
Ανανεώσιμες πηγές ενέργειας: Οι 27 διατηρούν αμετάβλητο τον στόχο ενόψει 2030 https://t.co/JjOKu5Wfwn,ανανεωσιμεσ πηγεσ ενεργειασ: οι 27 διατηρουν αμεταβλητο τον στοχο ενοψει 2030 https://tco/jjoku5wfwn,4
Στο 40% διατηρεί η Ε.Ε. τον στόχο για τις ανανεώσιμες πηγές ενέργειας https://t.co/Ofj4vRxIoY,στο 40% διατηρει η εε τον στοχο για τισ ανανεωσιμεσ πηγεσ ενεργειασ https://tco/ofj4vrxioy,4
"Στο 40% διατηρεί η ΕΕ τον στόχο για τις #ανανεώσιμες πηγές ενέργειας

https://t.co/5Z9iNqpoWw

#energycrisis #energyefficiency #ενέργεια #φυσικό_αέριο #renewables",στο 40% διατηρει η εε τον στοχο για τισ #ανανεωσιμεσ πηγεσ ενεργειασ  https://tco/5z9inqpoww  #energycrisis #energyefficiency #ενεργεια #φυσικο_αεριο #renewables,4
RT @LykavitosGr: Σκρέκας: Για πρώτη φορά η Ε.Ε. προωθεί μέτρα για φυσικό περιβάλλον και βιοποικιλότητα  #Σκρέκας #Ευρωπαϊκή_Ένωση #Ε.Ε. htt…, @lykavitosgr: σκρεκασ: για πρωτη φορα η εε προωθει μετρα για φυσικο περιβαλλον και βιοποικιλοτητα  #σκρεκασ #ευρωπαϊκη_ενωση #εε htt…,4
RT @LykavitosGr: Σκρέκας: Για πρώτη φορά η Ε.Ε. προωθεί μέτρα για φυσικό περιβάλλον και βιοποικιλότητα  #Σκρέκας #Ευρωπαϊκή_Ένωση #Ε.Ε. htt…, @lykavitosgr: σκρεκασ: για πρωτη φορα η εε προωθει μετρα για φυσικο περιβαλλον και βιοποικιλοτητα  #σκρεκασ #ευρωπαϊκη_ενωση #εε htt…,4
Επιστημονική ΥΠΕΡΒΟΜΒΑ: «Οι ‘ΠΡΑΣΙΝΕΣ’ πηγές ενέργειας προκαλούν ΖΗΜΙΑ στο περιβάλλον»!!! https://t.co/1hRwIF3kKd,επιστημονικη υπερβομβα: «οι ‘πρασινεσ’ πηγεσ ενεργειασ προκαλουν ζημια στο περιβαλλον» https://tco/1hrwif3kkd,4
Μέχρι πότε θα είναι βιώσιμο το ελληνικό χρέος – Η αριθμητική https://t.co/BdAuzj6dYU #Sasmos #kaneotikoimasai #gntmgr #Pagidevmenoi #GiTisElias,μεχρι ποτε θα ειναι βιωσιμο το ελληνικο χρεοσ – η αριθμητικη https://tco/bdauzj6dyu #sasmos #kaneotikoimasai #gntmgr #pagidevmenoi #gitiselias,4
"Κακοκαιρία-Προειδοποίηση Συνολάκη: «Και στην Ελλάδα θα έχουμε ακραία καιρικά φαινόμενα πιο συχνά»

#κακοκαιρια #ΗΠΑ #usak #USA #Weather #Ελλάδα #κλιματικη_αλλαγη #ΕΜΥ #Mynewsgr 

https://t.co/iV84x8x9f2",κακοκαιρια-προειδοποιηση συνολακη: «και στην ελλαδα θα εχουμε ακραια καιρικα φαινομενα πιο συχνα»  #κακοκαιρια #ηπα #usak #usa #weather #ελλαδα #κλιματικη_αλλαγη #εμυ #mynewsgr   https://tco/iv84x8x9f2,4
"Στο Ταμείο Ανάκαμψης εντάχθηκε το έργο «Δήμος Ηρακλείου Ελληνικές Έξυπνες Πόλεις – Επενδύσεις σε υποδομές και συστήματα SSC για ένα βιώσιμο και πράσινο αστικό μέλλον», εξασφαλίζοντας χρηματοδότηση 5.000.000 ευρώ… https://t.co/qoUivX9IHu",στο ταμειο ανακαμψησ ενταχθηκε το εργο «δημοσ ηρακλειου ελληνικεσ εξυπνεσ πολεισ – επενδυσεισ σε υποδομεσ και συστηματα ssc για ενα βιωσιμο και πρασινο αστικο μελλον» εξασφαλιζοντασ χρηματοδοτηση 5000000 ευρω… https://tco/qouivx9ihu,4
"Τό ἐνεργειακό κόστος αὐξάνεται, ἔχει αὐξηθεῖ μέ 300%-500% στήν Εὐρώπη σέ ἕνα χρόνο, αὐτό εἶναι σαφῶς μή βιώσιμο καί στήν πραγματικότητα σημαίνει ὅτι ἡ εὐρωπαϊκή βιομηχανία καταστρέφεται ἀπό τήν ἔλλειψη ἀνταγωνιστικότητας.",το ἐνεργειακο κοστοσ αὐξανεται ἔχει αὐξηθεῖ με 300%-500% στην εὐρωπη σε ἕνα χρονο αὐτο εἶναι σαφῶσ μη βιωσιμο και στην πραγματικοτητα σημαινει ὅτι ἡ εὐρωπαϊκη βιομηχανια καταστρεφεται ἀπο την ἔλλειψη ἀνταγωνιστικοτητασ,4
Διπλωματικές πηγές: Επιστολή Δένδια στην ΕΕ – «Επικίνδυνο περιβάλλον ασφαλείας» εκ μέρους της Τουρκίας https://t.co/oSHd0Fe0lu,διπλωματικεσ πηγεσ: επιστολη δενδια στην εε – «επικινδυνο περιβαλλον ασφαλειασ» εκ μερουσ τησ τουρκιασ https://tco/oshd0fe0lu,4
RT @Moneypressgr: ΟΟΣΑ: Το συνταξιοδοτικό σύστημα στην Ελλάδα γίνεται πιο βιώσιμο  #moneypress https://t.co/tPrHxQRavP, @moneypressgr: οοσα: το συνταξιοδοτικο συστημα στην ελλαδα γινεται πιο βιωσιμο  #moneypress https://tco/tprhxqravp,4
ΟΟΣΑ: Το συνταξιοδοτικό σύστημα στην Ελλάδα γίνεται πιο βιώσιμο  #moneypress https://t.co/tPrHxQRavP,οοσα: το συνταξιοδοτικο συστημα στην ελλαδα γινεται πιο βιωσιμο  #moneypress https://tco/tprhxqravp,4
Μεγαλώνοντας τα παιδιά μας σε περιβάλλον «βρώμικης ενέργειας» https://t.co/ZLYQfaUqHQ,μεγαλωνοντασ τα παιδια μασ σε περιβαλλον «βρωμικησ ενεργειασ» https://tco/zlyqfauqhq,4
"RT @cultureGR: ✨Όλη η Ελλάδα ένας Πολιτισμός 2023✨

Ανακοινώνεται πρόσκληση υποβολής προτάσεων για συμμετοχή στο πρόγραμμα του Θεσμού.

Από…", @culturegr: ✨ολη η ελλαδα ενασ πολιτισμοσ 2023✨  ανακοινωνεται προσκληση υποβολησ προτασεων για συμμετοχη στο προγραμμα του θεσμου  απο…,4
RT @mdenaxa: 🇰🇼 Πρόκειται για το μεγαλύτερο νεκροταφείο ελαστικών στον κόσμο στο Κουβέιτ.  Αλλά σε λίγο θα πρέπει οι πολίτες να πληρώνουν φ…, @mdenaxa: 🇰🇼 προκειται για το μεγαλυτερο νεκροταφειο ελαστικων στον κοσμο στο κουβειτ  αλλα σε λιγο θα πρεπει οι πολιτεσ να πληρωνουν φ…,4
RT @mdenaxa: 🇰🇼 Πρόκειται για το μεγαλύτερο νεκροταφείο ελαστικών στον κόσμο στο Κουβέιτ.  Αλλά σε λίγο θα πρέπει οι πολίτες να πληρώνουν φ…, @mdenaxa: 🇰🇼 προκειται για το μεγαλυτερο νεκροταφειο ελαστικων στον κοσμο στο κουβειτ  αλλα σε λιγο θα πρεπει οι πολιτεσ να πληρωνουν φ…,4
Eurostat: Στην ΕΕ η παραγωγή ηλεκτρικής ενέργειας από ανανεώσιμες πηγές αυξήθηκε κατά 5% από το 2020 ως το 2021 https://t.co/emwJf7qVbs,eurostat: στην εε η παραγωγη ηλεκτρικησ ενεργειασ απο ανανεωσιμεσ πηγεσ αυξηθηκε κατα 5% απο το 2020 ωσ το 2021 https://tco/emwjf7qvbs,4
ΕΕ: Αυξήθηκε η παραγωγή ηλεκτρικής ενέργειας από ανανεώσιμες πηγές- Στο 36% η Ελλάδα - https://t.co/04rBfmm4sV https://t.co/SO4Ofd1Dvo,εε: αυξηθηκε η παραγωγη ηλεκτρικησ ενεργειασ απο ανανεωσιμεσ πηγεσ- στο 36% η ελλαδα - https://tco/04rbfmm4sv https://tco/so4ofd1dvo,4
Enel Green Power: Ρεκόρ ενέργειας που παράγεται ετησίως από ανανεώσιμες πηγές το 2022 https://t.co/3IXOUlm5u7 #businessnewsgr,enel green power: ρεκορ ενεργειασ που παραγεται ετησιωσ απο ανανεωσιμεσ πηγεσ το 2022 https://tco/3ixoulm5u7 #businessnewsgr,4
"Γ. Ακριβούλης: ""Σε πλήρη σύγχυση ο δήμαρχος Κιλελέρ"" - Βιομηχανία αναθέσεων, ψέματα και υπεκφυγές για τις ανανεώσιμες πηγές ενέργειας
https://t.co/kJaVepRU4U","γ ακριβουλησ: ""σε πληρη συγχυση ο δημαρχοσ κιλελερ"" - βιομηχανια αναθεσεων ψεματα και υπεκφυγεσ για τισ ανανεωσιμεσ πηγεσ ενεργειασ https://tco/kjavepru4u",4
"Ακριβούλης για Νασιακόπουλο: Βιομηχανία αναθέσεων, ψέματα και υπεκφυγές για τις ανανεώσιμες πηγές ενέργειας https://t.co/T8YbxMvTYY",ακριβουλησ για νασιακοπουλο: βιομηχανια αναθεσεων ψεματα και υπεκφυγεσ για τισ ανανεωσιμεσ πηγεσ ενεργειασ https://tco/t8ybxmvtyy,4
"Γερμανία: Μεγάλες φιλοδοξίες, μικρές αποδόσεις για τις ανανεώσιμες πηγές ενέργειας https://t.co/NNTU7bg09z",γερμανια: μεγαλεσ φιλοδοξιεσ μικρεσ αποδοσεισ για τισ ανανεωσιμεσ πηγεσ ενεργειασ https://tco/nntu7bg09z,4
"Μακροπρόθεσμη Συμφωνία Αγοράς Ηλεκτρικής Ενέργειας (PPA) για την «πράσινη» ενέργεια που θα παραχθεί από χαρτοφυλάκιο αιολικών έργων συνολικής ισχύος 78 MW υπέγραψαν η MYTILINEOS και η EDPR.
Πρόκειται,όπως επισημαίνεται στη σχετική ανακοινωση, για το

https://t.co/6CicUqEXBH",μακροπροθεσμη συμφωνια αγορασ ηλεκτρικησ ενεργειασ (ppa) για την «πρασινη» ενεργεια που θα παραχθει απο χαρτοφυλακιο αιολικων εργων συνολικησ ισχυοσ 78 mw υπεγραψαν η mytilineos και η edpr προκειταιοπωσ επισημαινεται στη σχετικη ανακοινωση για το  https://tco/6cicuqexbh,4
"RT @ClaireZacharop: Πρώτη και τελευταία φορά που σχολιάζω το συγκεκριμένο προφίλ.

Ελπίζω η συγκεκριμένη ""κυρία"" να έχει υποστήριξη από το…"," @clairezacharop: πρωτη και τελευταια φορα που σχολιαζω το συγκεκριμενο προφιλ  ελπιζω η συγκεκριμενη ""κυρια"" να εχει υποστηριξη απο το…",4
Ισχυροποιείται η παρουσία της Τράπεζας Χανίων στις Ανανεώσιμες Πηγές Ενέργειας. https://t.co/mGdgWDqF78,ισχυροποιειται η παρουσια τησ τραπεζασ χανιων στισ ανανεωσιμεσ πηγεσ ενεργειασ https://tco/mgdgwdqf78,4
Deutsche Bank: Θα φτάσει το φυσικό αέριο και το 2023; - Τι γίνεται με τις ανανεώσιμες πηγές ενέργειας https://t.co/zLkkpRiRJp,deutsche bank: θα φτασει το φυσικο αεριο και το 2023; - τι γινεται με τισ ανανεωσιμεσ πηγεσ ενεργειασ https://tco/zlkkprirjp,4
RT @Moneypressgr: Παραγωγή ενέργειας από ανανεώσιμες και εναλλακτικές πηγές  #moneypress https://t.co/SPUn8bn6tx https://t.co/t1esUjHPXB, @moneypressgr: παραγωγη ενεργειασ απο ανανεωσιμεσ και εναλλακτικεσ πηγεσ  #moneypress https://tco/spun8bn6tx https://tco/t1esujhpxb,4
Παραγωγή ενέργειας από ανανεώσιμες και εναλλακτικές πηγές  #moneypress https://t.co/SPUn8bn6tx https://t.co/t1esUjHPXB,παραγωγη ενεργειασ απο ανανεωσιμεσ και εναλλακτικεσ πηγεσ  #moneypress https://tco/spun8bn6tx https://tco/t1esujhpxb,4
Γερμανία: Οργή του πολιτικού κόσμου για δράση των ακτιβιστών για το κλίμα https://t.co/3eeKqxECDE,γερμανια: οργη του πολιτικου κοσμου για δραση των ακτιβιστων για το κλιμα https://tco/3eekqxecde,4
Προς επαναξιολόγηση και αναθεώρηση το Ειδικό Χωροταξικό Πλαίσιο για τις Ανανεώσιμες Πηγές Ενέργειας https://t.co/bGu9r3UDbL,προσ επαναξιολογηση και αναθεωρηση το ειδικο χωροταξικο πλαισιο για τισ ανανεωσιμεσ πηγεσ ενεργειασ https://tco/bgu9r3udbl,4
"Ευρωπαϊκό Συμβούλιο: «Άμεσα» συμφωνία για να προχωρήσει η «πράσινη μετάβαση» και η μεταρρύθμιση «της εσωτερικής αγοράς ενέργειας»

https://t.co/pTijDIEpvV

@EU_Commission #energy #ενεργεια https://t.co/xDn8GGGkXI",ευρωπαϊκο συμβουλιο: «αμεσα» συμφωνια για να προχωρησει η «πρασινη μεταβαση» και η μεταρρυθμιση «τησ εσωτερικησ αγορασ ενεργειασ»  https://tco/ptijdiepvv  @eu_commission #energy #ενεργεια https://tco/xdn8gggkxi,4
RT @CyprusInsider: Το μερίδιο ενέργειας από Ανανεώσιμες Πηγές Ενέργειας (ΑΠΕ) στην συνολική ακαθάριστη τελική κατανάλωση ενέργειας της Κυπρ…, @cyprusinsider: το μεριδιο ενεργειασ απο ανανεωσιμεσ πηγεσ ενεργειασ (απε) στην συνολικη ακαθαριστη τελικη καταναλωση ενεργειασ τησ κυπρ…,4
Μπάμπαλος: «Επενδύουμε στο πράσινο… στο βιώσιμο μέλλον για τα παιδιά μας» https://t.co/YqorqOVj3P,μπαμπαλοσ: «επενδυουμε στο πρασινο… στο βιωσιμο μελλον για τα παιδια μασ» https://tco/yqorqovj3p,4
Κίνδυνος μπλακ άουτ το Πάσχα λόγω ΑΠΕ https://t.co/1lSsRzUMwd,κινδυνοσ μπλακ αουτ το πασχα λογω απε https://tco/1lssrzumwd,4
"Η #Ευρωπαίκή_Ένωση κατέληξε σε συμφωνία για την επίτευξη πιο φιλόδοξων στόχων για τις ανανεώσιμες πηγές ενέργειας μέχρι το 2030

https://t.co/cW8tnpCi1m

#Europe #energy https://t.co/cLBWlTSivN",η #ευρωπαικη_ενωση κατεληξε σε συμφωνια για την επιτευξη πιο φιλοδοξων στοχων για τισ ανανεωσιμεσ πηγεσ ενεργειασ μεχρι το 2030  https://tco/cw8tnpci1m  #europe #energy https://tco/clbwltsivn,4
Γ. Γιαρέντης (ΔΑΠΕΕΠ): Οι ανανεώσιμες πηγές ενέργειας βασικός μοχλός συγκράτησης των τιμών - https://t.co/eTVlyGlWu6,γ γιαρεντησ (δαπεεπ): οι ανανεωσιμεσ πηγεσ ενεργειασ βασικοσ μοχλοσ συγκρατησησ των τιμων - https://tco/etvlyglwu6,4
Συμφωνία ΕΕ για διπλασιασμό κατανάλωσης ενέργειας από ανανεώσιμες πηγές μέχρι το 2030 https://t.co/cX4Hewi6Z4,συμφωνια εε για διπλασιασμο καταναλωσησ ενεργειασ απο ανανεωσιμεσ πηγεσ μεχρι το 2030 https://tco/cx4hewi6z4,4
"Γ. Γιαρέντης (ΔΑΠΕΕΠ): Οι ανανεώσιμες πηγές ενέργειας βασικός μοχλός συγκράτησης των τιμών

https://t.co/kAfsz7koYN https://t.co/kSL0EJMSEf",γ γιαρεντησ (δαπεεπ): οι ανανεωσιμεσ πηγεσ ενεργειασ βασικοσ μοχλοσ συγκρατησησ των τιμων  https://tco/kafsz7koyn https://tco/ksl0ejmsef,4
ΕΕ: Συμφωνία για την επίτευξη πιο φιλόδοξων στόχων για τις ανανεώσιμες πηγές ενέργειας μέχρι το 2030 https://t.co/zSdwhZjf66,εε: συμφωνια για την επιτευξη πιο φιλοδοξων στοχων για τισ ανανεωσιμεσ πηγεσ ενεργειασ μεχρι το 2030 https://tco/zsdwhzjf66,4
Ε.Ε.: Συμφωνία για πιο φιλόδοξους στόχους στις ανανεώσιμες πηγές ενέργειας έως το 2030 https://t.co/fMH28s8m0l #maritime #shipping #supplychain #maritimenetwork,εε: συμφωνια για πιο φιλοδοξουσ στοχουσ στισ ανανεωσιμεσ πηγεσ ενεργειασ εωσ το 2030 https://tco/fmh28s8m0l #maritime #shipping #supplychain #maritimenetwork,4
Οι Ανανεώσιμες Πηγές Ενέργειας βασικός μοχλός συγκράτησης των τιμών https://t.co/RdGn5tWODz,οι ανανεωσιμεσ πηγεσ ενεργειασ βασικοσ μοχλοσ συγκρατησησ των τιμων https://tco/rdgn5twodz,4
Ανανεώσιμες Πηγές Ενέργειας: Ποιοι καταναλωτές θα έχουν σημαντικό όφελος - https://t.co/dXMDSTdmpD https://t.co/ekPzJyNZGW,ανανεωσιμεσ πηγεσ ενεργειασ: ποιοι καταναλωτεσ θα εχουν σημαντικο οφελοσ - https://tco/dxmdstdmpd https://tco/ekpzjynzgw,4
Ανανεώσιμες Πηγές Ενέργειας: Ποιοι καταναλωτές θα έχουν σημαντικό όφελος - https://t.co/rhMWx1Tx5d https://t.co/SDDdWOwDZx,ανανεωσιμεσ πηγεσ ενεργειασ: ποιοι καταναλωτεσ θα εχουν σημαντικο οφελοσ - https://tco/rhmwx1tx5d https://tco/sdddwowdzx,4
Siemens: Ολοκλήρωσε το βιώσιμο έργο ενέργειας στις Αζόρες και ορίζει το πρότυπο για άλλα νησιά https://t.co/TMKyerRA9n,siemens: ολοκληρωσε το βιωσιμο εργο ενεργειασ στισ αζορεσ και οριζει το προτυπο για αλλα νησια https://tco/tmkyerra9n,4
"Η παραγωγή ενέργειας από ανανεώσιμες πηγές (αιολική και ηλιακή) έφθασε το 12% του συνόλου το 2022, καταγράφοντας νέο ρεκόρ, αλλά μένοντας πίσω από την παραγωγή ηλεκτρισμού με την καύση άνθρακα και ευρύτερα τα ορυκτά καύσιμα, που παραμένουν ο βασικός

https://t.co/53C1KvGnnN",η παραγωγη ενεργειασ απο ανανεωσιμεσ πηγεσ (αιολικη και ηλιακη) εφθασε το 12% του συνολου το 2022 καταγραφοντασ νεο ρεκορ αλλα μενοντασ πισω απο την παραγωγη ηλεκτρισμου με την καυση ανθρακα και ευρυτερα τα ορυκτα καυσιμα που παραμενουν ο βασικοσ  https://tco/53c1kvgnnn,4
"Η παραγωγή ενέργειας από ανανεώσιμες πηγές (αιολική και ηλιακή) έφθασε το 12% του συνόλου το 2022, καταγράφοντας νέο ρεκόρ, αλλά μένοντας πίσω από την παραγωγή ηλεκτρισμού με την καύση άνθρακα και ευρύτερα τα ορυκτά καύσιμα, που παραμένουν ο βασικός

https://t.co/5JyMhNgtEN",η παραγωγη ενεργειασ απο ανανεωσιμεσ πηγεσ (αιολικη και ηλιακη) εφθασε το 12% του συνολου το 2022 καταγραφοντασ νεο ρεκορ αλλα μενοντασ πισω απο την παραγωγη ηλεκτρισμου με την καυση ανθρακα και ευρυτερα τα ορυκτα καυσιμα που παραμενουν ο βασικοσ  https://tco/5jymhngten,4
"Εννέα ρεκόρ έσπασε η ενεργειακή αγορά το 2022, τα οποία σηματοδοτούν όχι μόνο την μετάβαση στην πράσινη ενέργεια αλλά και την στροφή των καταναλωτών στην αυτοπαραγωγή από ανανεώσιμες πηγές, την ταχείααπεξάρτηση από το ρωσικό φυσικό αέριο και την

https://t.co/ZcJVaze93g",εννεα ρεκορ εσπασε η ενεργειακη αγορα το 2022 τα οποια σηματοδοτουν οχι μονο την μεταβαση στην πρασινη ενεργεια αλλα και την στροφη των καταναλωτων στην αυτοπαραγωγη απο ανανεωσιμεσ πηγεσ την ταχειααπεξαρτηση απο το ρωσικο φυσικο αεριο και την  https://tco/zcjvaze93g,4
O Dalio της Bridgewater προειδοποιεί: Το τραπεζικό σύστημα θα χρειαστεί «μεγάλες αναδιαρθρώσεις» σύντομα - Μη βιώσιμο το βάρος του χρέους https://t.co/IvumUTOPGN via @bankingnewsgr,o dalio τησ bridgewater προειδοποιει: το τραπεζικο συστημα θα χρειαστει «μεγαλεσ αναδιαρθρωσεισ» συντομα - μη βιωσιμο το βαροσ του χρεουσ https://tco/ivumutopgn via @bankingnewsgr,4
"«Ημέρα της Γης»: H ΔΕΗ ηλεκτροδοτεί 4,3 εκατ. νοικοκυριά αποκλειστικά από Ανανεώσιμες Πηγές Ενέργειας

https://t.co/jjlQbw3qx2",«ημερα τησ γησ»: h δεη ηλεκτροδοτει 43 εκατ νοικοκυρια αποκλειστικα απο ανανεωσιμεσ πηγεσ ενεργειασ  https://tco/jjlqbw3qx2,4
RT @LykavitosGr: Λέκκας: Ίσως να έχουμε το πιο θερμό καλοκαίρι - Τα σενάρια για θερμοκρασίες 48-50 βαθμών  #κλιματική_κρίση #καύσωνας https…, @lykavitosgr: λεκκασ: ισωσ να εχουμε το πιο θερμο καλοκαιρι - τα σεναρια για θερμοκρασιεσ 48-50 βαθμων  #κλιματικη_κριση #καυσωνασ https…,4
RT @LykavitosGr: Λέκκας: Ίσως να έχουμε το πιο θερμό καλοκαίρι - Τα σενάρια για θερμοκρασίες 48-50 βαθμών  #κλιματική_κρίση #καύσωνας https…, @lykavitosgr: λεκκασ: ισωσ να εχουμε το πιο θερμο καλοκαιρι - τα σεναρια για θερμοκρασιεσ 48-50 βαθμων  #κλιματικη_κριση #καυσωνασ https…,4
"Η ξηρασία ρεκόρ στο Κέρας της Αφρικής οφείλεται στην #κλιματική_αλλαγή

https://t.co/wPrwztagI0

#ClimateCrisis #Africa https://t.co/ymQegIZcxZ",η ξηρασια ρεκορ στο κερασ τησ αφρικησ οφειλεται στην #κλιματικη_αλλαγη  https://tco/wprwztagi0  #climatecrisis #africa https://tco/ymqegizcxz,4
RT @sofokleous10: Ανανεώσιμες Πηγές Ενέργειας σε έναν κόσμο με μηδενικό ισοζύγιο https://t.co/kZ1wDkw9mg, @sofokleous10: ανανεωσιμεσ πηγεσ ενεργειασ σε εναν κοσμο με μηδενικο ισοζυγιο https://tco/kz1wdkw9mg,4
Θα μετράνε ανά προϊόν το αποτύπωμα άνθρακα!!!! Τι προτάθηκε για τον πράσινο φόρο στο Φόρουμ των Δελφών… https://t.co/GPLKypjhJO,θα μετρανε ανα προϊον το αποτυπωμα ανθρακα τι προταθηκε για τον πρασινο φορο στο φορουμ των δελφων… https://tco/gplkypjhjo,4
Η μεγάλη ενεργειακή απάτη: Τι κρύβεται πίσω από επενδύσεις ύψους... 5 τρισεκ. δολαρίων για ανανεώσιμες πηγές ενέργειας https://t.co/ZDfaSNplNZ via @bankingnewsgr,η μεγαλη ενεργειακη απατη: τι κρυβεται πισω απο επενδυσεισ υψουσ 5 τρισεκ δολαριων για ανανεωσιμεσ πηγεσ ενεργειασ https://tco/zdfasnplnz via @bankingnewsgr,4
Η μεγάλη ενεργειακή απάτη: Τι κρύβεται πίσω από επενδύσεις ύψους... 5 τρισεκ. δολαρίων για ανανεώσιμες πηγές ενέργειας https://t.co/oqsY0wUhO0 via @bankingnewsgr,η μεγαλη ενεργειακη απατη: τι κρυβεται πισω απο επενδυσεισ υψουσ 5 τρισεκ δολαριων για ανανεωσιμεσ πηγεσ ενεργειασ https://tco/oqsy0wuho0 via @bankingnewsgr,4
RT @LykavitosGr: Σπάνε όλα τα ρεκόρ οι πωλήσεις ιδιωτικών τζετ - «Καμπανάκι» για καταστροφή του περιβάλλοντος  #ιδιωτικά_τζετ #κλιματική_κρ…, @lykavitosgr: σπανε ολα τα ρεκορ οι πωλησεισ ιδιωτικων τζετ - «καμπανακι» για καταστροφη του περιβαλλοντοσ  #ιδιωτικα_τζετ #κλιματικη_κρ…,4
RT @LykavitosGr: Σπάνε όλα τα ρεκόρ οι πωλήσεις ιδιωτικών τζετ - «Καμπανάκι» για καταστροφή του περιβάλλοντος  #ιδιωτικά_τζετ #κλιματική_κρ…, @lykavitosgr: σπανε ολα τα ρεκορ οι πωλησεισ ιδιωτικων τζετ - «καμπανακι» για καταστροφη του περιβαλλοντοσ  #ιδιωτικα_τζετ #κλιματικη_κρ…,4
RT @pantislawoffice: Για δεύτερη χρονιά η #Ελλαδα στην θλιβερή τελευταία θέση μεταξύ των χωρών της #ΕΕ στην ελευθερία του τύπου ... χειρότε…, @pantislawoffice: για δευτερη χρονια η #ελλαδα στην θλιβερη τελευταια θεση μεταξυ των χωρων τησ #εε στην ελευθερια του τυπου  χειροτε…,4
"RT @LykavitosGr: Βιετνάμ: Οι αρχές κατέγραψαν θερμοκρασία ρεκόρ 44,1 βαθμών Κελσίου  #Βιετνάμ #καύσωνας #κλιματική_κρίση https://t.co/iynmL…", @lykavitosgr: βιετναμ: οι αρχεσ κατεγραψαν θερμοκρασια ρεκορ 441 βαθμων κελσιου  #βιετναμ #καυσωνασ #κλιματικη_κριση https://tco/iynml…,4
"RT @LykavitosGr: Βιετνάμ: Οι αρχές κατέγραψαν θερμοκρασία ρεκόρ 44,1 βαθμών Κελσίου  #Βιετνάμ #καύσωνας #κλιματική_κρίση https://t.co/iynmL…", @lykavitosgr: βιετναμ: οι αρχεσ κατεγραψαν θερμοκρασια ρεκορ 441 βαθμων κελσιου  #βιετναμ #καυσωνασ #κλιματικη_κριση https://tco/iynml…,4
"#EU #RES
Στόχος ΕΕ οι ανανεώσιμες πηγές ενέργειας στο 42,5% μέχρι το 2030 https://t.co/EE6uPiI2xv",#eu #res στοχοσ εε οι ανανεωσιμεσ πηγεσ ενεργειασ στο 425% μεχρι το 2030 https://tco/ee6upii2xv,4
"Οι στόχοι της Ε.Ε. για τις ανανεώσιμες πηγές ενέργειας και ο ρόλος της Μεσογείου ως κέντρου πράσινης ενέργειας συζητήθηκαν στην πρώτη Σύνοδο των Υπουργών Ενέργειας της EU-MED9, που διεξήχθη στη Βαλέτατης Μάλτας, στην οποία συμμετείχε η Γενική

https://t.co/3GmZfD9wrp",οι στοχοι τησ εε για τισ ανανεωσιμεσ πηγεσ ενεργειασ και ο ρολοσ τησ μεσογειου ωσ κεντρου πρασινησ ενεργειασ συζητηθηκαν στην πρωτη συνοδο των υπουργων ενεργειασ τησ eu-med9 που διεξηχθη στη βαλετατησ μαλτασ στην οποια συμμετειχε η γενικη  https://tco/3gmzfd9wrp,4
"Παραολυμπιακοί αγώνες 2024: Η MORE στηρίζει τις Παραολυμπιονίκες Λουφάκη και Σταματοπούλου. Η ΜΟRE, θυγατρική εταιρεία του Ομίλου Μotor Oil και ένας από τους μεγαλύτερους παραγωγούς ενέργειας από ανανεώσιμες πηγές, στέκεται ως…Περισσότερα... https://t.co/06oDFi2zl4 https://t.co/1hIG9SvsfZ",παραολυμπιακοι αγωνεσ 2024: η more στηριζει τισ παραολυμπιονικεσ λουφακη και σταματοπουλου η μοre θυγατρικη εταιρεια του ομιλου μotor oil και ενασ απο τουσ μεγαλυτερουσ παραγωγουσ ενεργειασ απο ανανεωσιμεσ πηγεσ στεκεται ωσ…περισσοτερα https://tco/06odfi2zl4 https://tco/1hig9svsfz,4
"RT @sofokleous10: Πόρισμα για Ελλάδα: Βιώσιμο το χρέος, επαρκή μέτρα στήριξης- Καλή πρόοδος σε κτηματολόγιο και ιδιωτικοποιήσεις https://t.…", @sofokleous10: πορισμα για ελλαδα: βιωσιμο το χρεοσ επαρκη μετρα στηριξησ- καλη προοδοσ σε κτηματολογιο και ιδιωτικοποιησεισ https://t…,4
"RT @sofokleous10: Πόρισμα Κομισιόν για Ελλάδα: Βιώσιμο το χρέος, επαρκή μέτρα στήριξης- Καλή πρόοδος σε κτηματολόγιο και ιδιωτικοποιήσεις h…", @sofokleous10: πορισμα κομισιον για ελλαδα: βιωσιμο το χρεοσ επαρκη μετρα στηριξησ- καλη προοδοσ σε κτηματολογιο και ιδιωτικοποιησεισ h…,4
Τα «καλύτερα (πράσινα) παιδιά»: «2η στον κόσμο η Ελλάδα στις Ανανεώσιμες Πηγές Ενέργειας» https://t.co/cqg75tIGn8,τα «καλυτερα (πρασινα) παιδια»: «2η στον κοσμο η ελλαδα στισ ανανεωσιμεσ πηγεσ ενεργειασ» https://tco/cqg75tign8,4
"Volvo: Το EX30 έχει το μικρότερο αποτύπωμα άνθρακα από κάθε άλλο μοντέλο της μάρκας. Το νέο Volvo EX30 είναι ένα μικρό αμιγώς ηλεκτρικό SUV για τη σύγχρονη εποχή, σχεδιασμένο για να είναι ασφαλές και να έχει το μικρότερο αποτύπωμα CO2 από κάθε άλλο... https://t.co/nemtyQh9Ay https://t.co/L04MC8KHFi",volvo: το ex30 εχει το μικροτερο αποτυπωμα ανθρακα απο καθε αλλο μοντελο τησ μαρκασ το νεο volvo ex30 ειναι ενα μικρο αμιγωσ ηλεκτρικο suv για τη συγχρονη εποχη σχεδιασμενο για να ειναι ασφαλεσ και να εχει το μικροτερο αποτυπωμα co2 απο καθε αλλο https://tco/nemtyqh9ay https://tco/l04mc8khfi,4
"«Κεντρικός στόχος της μάχης για το περιβάλλον είναι ο μηδενισμός της καύσης ορυκτών καυσίμων», δήλωσε ο υπουργός Περιβάλλοντος και Ενέργειας, Παντελής Κάπρος, με αφορμή την Παγκόσμια Ημέρα Περιβάλλοντος.

https://t.co/oQNVoE4XK9",«κεντρικοσ στοχοσ τησ μαχησ για το περιβαλλον ειναι ο μηδενισμοσ τησ καυσησ ορυκτων καυσιμων» δηλωσε ο υπουργοσ περιβαλλοντοσ και ενεργειασ παντελησ καπροσ με αφορμη την παγκοσμια ημερα περιβαλλοντοσ  https://tco/oqnvoe4xk9,4
RT @kmitsotakis: Σας ευχαριστώ για τη θερμή υποδοχή στη Νέα Ιωνία! Με τους πολίτες σήμερα συζητήσαμε για το πώς οραματιζόμαστε την Ελλάδα τ…, @kmitsotakis: σασ ευχαριστω για τη θερμη υποδοχη στη νεα ιωνια με τουσ πολιτεσ σημερα συζητησαμε για το πωσ οραματιζομαστε την ελλαδα τ…,4
Παπουτσάνης: Για ένα βιώσιμο μέλλον με υπεύθυνη παραγωγή και αειφόρο καινοτομία #businessnewsgr https://t.co/J0TgU77IDv,παπουτσανησ: για ενα βιωσιμο μελλον με υπευθυνη παραγωγη και αειφορο καινοτομια #businessnewsgr https://tco/j0tgu77idv,4
ΗΡΩΝ: «Πράσινη» ενέργεια με PPA από RWE-ΔΕΗ Ανανεώσιμες και υπογραφή μακροχρόνιας σύμβασης https://t.co/snwLEQgCZJ,ηρων: «πρασινη» ενεργεια με ppa απο rwe-δεη ανανεωσιμεσ και υπογραφη μακροχρονιασ συμβασησ https://tco/snwleqgczj,4
H ΕΥΔΑΠ αξιοποιεί τις Ανανεώσιμες Πηγές Ενέργειας https://t.co/1mlTep52B0 via @bankingnewsgr,h ευδαπ αξιοποιει τισ ανανεωσιμεσ πηγεσ ενεργειασ https://tco/1mltep52b0 via @bankingnewsgr,4
Οι πόλεις μπορούν να προσφέρουν νέες ευκαιρίες στους παραγωγούς-καταναλωτές ενέργειας από ανανεώσιμες πηγές https://t.co/o1LivDSSmi,οι πολεισ μπορουν να προσφερουν νεεσ ευκαιριεσ στουσ παραγωγουσ-καταναλωτεσ ενεργειασ απο ανανεωσιμεσ πηγεσ https://tco/o1livdssmi,4
"HELLENiQ ENERGY: Έμφαση στις ΑΠΕ και εξαγωγες σε νέες αγορές. Ακόμη μεγαλύτερη έμφαση στις ανανεώσιμες πηγές ενέργειας και αύξηση των εξαγωγών σε νέες αγορές εκτός Ευρώπης, περιλαμβάνει ο σχεδιασμός του…Περισσότερα... https://t.co/HoXfbJqYig https://t.co/akBGJaDNH5",helleniq energy: εμφαση στισ απε και εξαγωγεσ σε νεεσ αγορεσ ακομη μεγαλυτερη εμφαση στισ ανανεωσιμεσ πηγεσ ενεργειασ και αυξηση των εξαγωγων σε νεεσ αγορεσ εκτοσ ευρωπησ περιλαμβανει ο σχεδιασμοσ του…περισσοτερα https://tco/hoxfbjqyig https://tco/akbgjadnh5,4
"Καλπάζει η Ελλάδα στις ανανεώσιμες πηγές ενέργειας. Η Ελλάδα βρέθηκε, για πρώτη φορά, στην πρώτη θέση του προσαρμοσμένου δείκτη της EY για τις ανανεώσιμες πηγές ενέργειας (ΑΠΕ), που εξετάζει τις…Περισσότερα... https://t.co/AmaviftYQn",καλπαζει η ελλαδα στισ ανανεωσιμεσ πηγεσ ενεργειασ η ελλαδα βρεθηκε για πρωτη φορα στην πρωτη θεση του προσαρμοσμενου δεικτη τησ ey για τισ ανανεωσιμεσ πηγεσ ενεργειασ (απε) που εξεταζει τισ…περισσοτερα https://tco/amaviftyqn,4
Στα 403 δισ. ευρώ το ελληνικό δημόσιο χρέος-Πως είναι βιώσιμο;https://t.co/6au7EYewer,στα 403 δισ ευρω το ελληνικο δημοσιο χρεοσ-πωσ ειναι βιωσιμο;https://tco/6au7eyewer,4
"Κώστας Σκρέκας: ""Στόχος το 2030, το 80% της ενέργειας της Ελλάδας να προέρχεται από ΑΠΕ”-Ανάγκη συνεργασίας ανάμεσα στις χώρες της Μεσογείου και σταθερό περιβάλλον για επενδύσεις που αφορούν την ενέργεια https://t.co/1Al09Y5jkS https://t.co/CjgQnPp0by","κωστασ σκρεκασ: ""στοχοσ το 2030 το 80% τησ ενεργειασ τησ ελλαδασ να προερχεται απο απε”-αναγκη συνεργασιασ αναμεσα στισ χωρεσ τησ μεσογειου και σταθερο περιβαλλον για επενδυσεισ που αφορουν την ενεργεια https://tco/1al09y5jks https://tco/cjgqnpp0by",4
Σκρέκας: Στα 500 εκατ. ευρώ το όφελος από τις ανανεώσιμες πηγές ενέργειας φέτος https://t.co/5Yqj3Y7hug,σκρεκασ: στα 500 εκατ ευρω το οφελοσ απο τισ ανανεωσιμεσ πηγεσ ενεργειασ φετοσ https://tco/5yqj3y7hug,4
Κ. Σκρέκας: Στα 500 εκατ. ευρώ το όφελος από τις ανανεώσιμες πηγές ενέργειας φέτος https://t.co/NMbKM9ezXB,κ σκρεκασ: στα 500 εκατ ευρω το οφελοσ απο τισ ανανεωσιμεσ πηγεσ ενεργειασ φετοσ https://tco/nmbkm9ezxb,4
"RT @GiorgosKyrtsos: Η Ελλάδα φλέγεται και ο Μητσοτάκης που είχε τις «λύσεις» απλά χαμογελάει..
Επί Τσίπρα απέδιδε τις καταστροφές στα λάθη…", @giorgoskysos: η ελλαδα φλεγεται και ο μητσοτακησ που ειχε τισ «λυσεισ» απλα χαμογελαει επι τσιπρα απεδιδε τισ καταστροφεσ στα λαθη…,4
"Ο Κωνσταντίνος Μαργαρίτης σημειώνει ότι η 86η ΔΕΘ  ανοίγει ορίζοντες στην παγκόσμια αγορά, το μεταβαλλόμενο περιβάλλον στους τομείς υγείας και ενέργειας, αλλά και τις καλπάζουσες  εξελίξεις στην τεχνολογία.

https://t.co/HyblkWdrTf https://t.co/Wjsm4vyBgB",ο κωνσταντινοσ μαργαριτησ σημειωνει οτι η 86η δεθ  ανοιγει οριζοντεσ στην παγκοσμια αγορα το μεταβαλλομενο περιβαλλον στουσ τομεισ υγειασ και ενεργειασ αλλα και τισ καλπαζουσεσ  εξελιξεισ στην τεχνολογια  https://tco/hyblkwdf https://tco/wjsm4vybgb,4
Δήλος 2022: Οι εθελοντές δηλώνουν το «παρών» για ένα βιώσιμο μέλλον https://t.co/sVuNZ4oC6e,δηλοσ 2022: οι εθελοντεσ δηλωνουν το «παρων» για ενα βιωσιμο μελλον https://tco/svunz4oc6e,4
ΡΑΕ: Νέες Ανανεώσιμες Πηγές Ενέργειας ισχύος 538 μεγαβάτ https://t.co/dnJUHnQoet,ραε: νεεσ ανανεωσιμεσ πηγεσ ενεργειασ ισχυοσ 538 μεγαβατ https://tco/dnjuhnqoet,4
"Ακόμη ένα σημαντικό ορόσημο: 100% πράσινη ενέργεια στην Ελλάδα για τουλάχιστον 5 ώρες! Εργαζόμαστε για ακόμη μεγαλύτερη διείσδυση ΑΠΕ, για καθαρότερο και φθηνότερο ενεργειακό μείγμα!
#ΔΕΗ #Ανανεώσιμες #PPC #Renewables #PPCR https://t.co/zLMrIDR222",ακομη ενα σημαντικο οροσημο: 100% πρασινη ενεργεια στην ελλαδα για τουλαχιστον 5 ωρεσ εργαζομαστε για ακομη μεγαλυτερη διεισδυση απε για καθαροτερο και φθηνοτερο ενεργειακο μειγμα #δεη #ανανεωσιμεσ #ppc #renewables #ppcr https://tco/zlmridr222,4
Βρετανία: Bάζει πλαφόν στα έσοδα των παραγωγών ενέργειας από ανανεώσιμες πηγές https://t.co/XGYY6DhvYM,βρετανια: bαζει πλαφον στα εσοδα των παραγωγων ενεργειασ απο ανανεωσιμεσ πηγεσ https://tco/xgyy6dhvym,4
Βρετανία: Πλαφόν στα έσοδα των παραγωγών ενέργειας από ανανεώσιμες πηγές βάζει η κυβέρνηση https://t.co/pXcBxGL36S,βρετανια: πλαφον στα εσοδα των παραγωγων ενεργειασ απο ανανεωσιμεσ πηγεσ βαζει η κυβερνηση https://tco/pxcbxgl36s,4
Ανανεώσιμες πηγές ενέργειας - Νέο ρεκόρ: Σπάνε το «φράγμα» των 10.000 μεγαβάτ https://t.co/bc5EBVF6ky,ανανεωσιμεσ πηγεσ ενεργειασ - νεο ρεκορ: σπανε το «φραγμα» των 10000 μεγαβατ https://tco/bc5ebvf6ky,4
Προς νέο ρεκόρ για τις Ανανεώσιμες Πηγές Ενέργειας - Σπάνε το φράγμα των 10.000 μεγαβάτ https://t.co/kjwyH9PwqA,προσ νεο ρεκορ για τισ ανανεωσιμεσ πηγεσ ενεργειασ - σπανε το φραγμα των 10000 μεγαβατ https://tco/kjwyh9pwqa,4
Ανανεώσιμες πηγές ενέργειας - Νέο ρεκόρ: Σπάνε το «φράγμα» των 10.000 μεγαβάτ https://t.co/hDmyJ8lSVb,ανανεωσιμεσ πηγεσ ενεργειασ - νεο ρεκορ: σπανε το «φραγμα» των 10000 μεγαβατ https://tco/hdmyj8lsvb,4
Δέσμευση της κρουαζιέρας για μηδενικό αποτύπωμα άνθρακα παγκοσμίως έως το 2050 https://t.co/aArxweJcR6,δεσμευση τησ κρουαζιερασ για μηδενικο αποτυπωμα ανθρακα παγκοσμιωσ εωσ το 2050 https://tco/aarxwejcr6,4
Βέλγιο: Ίδρυμα για το περιβάλλον προτείνει μείωση της διάρκειας του ντους για εξοικονόμηση ενέργειας https://t.co/rSyh5F8yrw,βελγιο: ιδρυμα για το περιβαλλον προτεινει μειωση τησ διαρκειασ του ντουσ για εξοικονομηση ενεργειασ https://tco/rsyh5f8yrw,4
Β. Κικίλιας για συμφωνία με Common Seas: 'H Ελλάδα στην πρωτοπορία της Ευρώπης για τον βιώσιμο τουρισμό' https://t.co/e7qPOwOzKV,β κικιλιασ για συμφωνια με common seas: 'h ελλαδα στην πρωτοπορια τησ ευρωπησ για τον βιωσιμο τουρισμο' https://tco/e7qpowozkv,4
"📍 Η επιτάχυνση της μετάβασης σε καύσιμα με μικρότερο αποτύπωμα άνθρακα προϋποθέτει μια σειρά επιλογών και δράσεων για τις κυβερνήσεις, τη βιομηχανία και τους οδηγούς.  https://t.co/yDGSBYoUPu",📍 η επιταχυνση τησ μεταβασησ σε καυσιμα με μικροτερο αποτυπωμα ανθρακα προϋποθετει μια σειρα επιλογων και δρασεων για τισ κυβερνησεισ τη βιομηχανια και τουσ οδηγουσ  https://tco/ydgsbyoupu,4
Κ. Σκρέκας: 'Οι Ανανεώσιμες Πηγές Ενέργειας είναι η λύση' https://t.co/3J7Z8gdBlm,κ σκρεκασ: 'οι ανανεωσιμεσ πηγεσ ενεργειασ ειναι η λυση' https://tco/3j7z8gdblm,4
Κ. Ξιφαράς (ΔΕΠΑ Εμπορίας): Στόχος το 1 GW στις ανανεώσιμες πηγές ενέργειας https://t.co/CmW2Sx2D15,κ ξιφαρασ (δεπα εμποριασ): στοχοσ το 1 gw στισ ανανεωσιμεσ πηγεσ ενεργειασ https://tco/cmw2sx2d15,4
Γερμανία: Κυβέρνηση και αντιπολίτευση καταδικάζουν τη δράση των ακραίων ακτιβιστών για το κλίμα 'Τελευταία Γενιά' https://t.co/bWxhIXXehF,γερμανια: κυβερνηση και αντιπολιτευση καταδικαζουν τη δραση των ακραιων ακτιβιστων για το κλιμα 'τελευταια γενια' https://tco/bwxhixxehf,4
"ΕΕ: Nέο σχέδιο για πιο πράσινο, βιώσιμο και ψηφιοποιημένο ευρωπαϊκό τουρισμό https://t.co/DIF3N3Iim7",εε: nεο σχεδιο για πιο πρασινο βιωσιμο και ψηφιοποιημενο ευρωπαϊκο τουρισμο https://tco/dif3n3iim7,4
Διεθνής Οργανισμός Ενέργειας: Η ενεργειακή κρίση δίνει πρωτοφανή ώθηση στις ανανεώσιμες πηγές https://t.co/tQFqhN7gxf,διεθνησ οργανισμοσ ενεργειασ: η ενεργειακη κριση δινει πρωτοφανη ωθηση στισ ανανεωσιμεσ πηγεσ https://tco/tqfqhn7gxf,4
Η ενεργειακή κρίση στη Γερμανία μειώνει την αντίσταση στις ανανεώσιμες πηγές ενέργειας https://t.co/OofpTOoUhG,η ενεργειακη κριση στη γερμανια μειωνει την αντισταση στισ ανανεωσιμεσ πηγεσ ενεργειασ https://tco/oofptoouhg,4
Από ανανεώσιμες πηγές το 39% της ζήτησης ηλεκτρικής ενέργειας το 2022 https://t.co/RB0yKeeoLU,απο ανανεωσιμεσ πηγεσ το 39% τησ ζητησησ ηλεκτρικησ ενεργειασ το 2022 https://tco/rb0ykeeolu,4
Ανανεώσιμες πηγές ενέργειας: Οι 27 διατηρούν αμετάβλητο τον στόχο ενόψει 2030 https://t.co/qVJ3giNP9D,ανανεωσιμεσ πηγεσ ενεργειασ: οι 27 διατηρουν αμεταβλητο τον στοχο ενοψει 2030 https://tco/qvj3ginp9d,4
Στο 40% διατηρεί η ΕΕ τον στόχο για τις ανανεώσιμες πηγές ενέργειας https://t.co/0reufEo4B3,στο 40% διατηρει η εε τον στοχο για τισ ανανεωσιμεσ πηγεσ ενεργειασ https://tco/0reufeo4b3,4
Ανανεώσιμες Πηγές Ενέργειας: Aμετάβλητος ο στόχος ενόψει 2030 στην ΕΕ – Επιταχύνονται οι αδειοδοτήσεις https://t.co/CY466ip5DV,ανανεωσιμεσ πηγεσ ενεργειασ: aμεταβλητοσ ο στοχοσ ενοψει 2030 στην εε – επιταχυνονται οι αδειοδοτησεισ https://tco/cy466ip5dv,4
Δεν μπορείς να σβήσεις τον ήλιο: Πώς η Γερμανία μπορεί να αποκτήσει ενεργειακή ανεξαρτησία με ανανεώσιμες πηγές ενέργειας https://t.co/pMUx4FhiAL,δεν μπορεισ να σβησεισ τον ηλιο: πωσ η γερμανια μπορει να αποκτησει ενεργειακη ανεξαρτησια με ανανεωσιμεσ πηγεσ ενεργειασ https://tco/pmux4fhial,4
Δεν μπορείς να σβήσεις τον ήλιο: Πώς η Γερμανία μπορεί να αποκτήσει ενεργειακή ανεξαρτησία με ανανεώσιμες πηγές ενέργειας https://t.co/ZWXgZ0BH0W,δεν μπορεισ να σβησεισ τον ηλιο: πωσ η γερμανια μπορει να αποκτησει ενεργειακη ανεξαρτησια με ανανεωσιμεσ πηγεσ ενεργειασ https://tco/zwxgz0bh0w,4
"Βιομηχανία αναθέσεων, ψέματα και υπεκφυγές για τις ανανεώσιμες πηγές ενέργειας  Σε πλήρη σύγχυση ο δήμαρχος Κιλελέρ https://t.co/NCmNp6BcU6",βιομηχανια αναθεσεων ψεματα και υπεκφυγεσ για τισ ανανεωσιμεσ πηγεσ ενεργειασ  σε πληρη συγχυση ο δημαρχοσ κιλελερ https://tco/ncmnp6bcu6,4
Συνέδριο Energy Efficiency in Buildings Conference 2023: «Έξυπνα» κτίρια για καλύτερο περιβάλλον και εξοικονόμηση ενέργειας https://t.co/yo3ZgYswsh,συνεδριο energy efficiency in buildings conference 2023: «εξυπνα» κτιρια για καλυτερο περιβαλλον και εξοικονομηση ενεργειασ https://tco/yo3zgyswsh,4
Meliá Hotels International: Ο πιο βιώσιμος ξενοδοχειακός όμιλος παγκοσμίως για το 2022 από την S&amp;P Global (pics) https://t.co/vzs2nrt8Ud,meliá hotels international: ο πιο βιωσιμοσ ξενοδοχειακοσ ομιλοσ παγκοσμιωσ για το 2022 απο την s&amp;p global (pics) https://tco/vzs2n8ud,4
ΕΕ: 11 χώρες ασκούν πίεση για να μην περιληφθεί η πυρηνική ενέργεια στους στόχους για τις ανανεώσιμες πηγές ενέργειας #capitalgr https://t.co/53wllE5wTP,εε: 11 χωρεσ ασκουν πιεση για να μην περιληφθει η πυρηνικη ενεργεια στουσ στοχουσ για τισ ανανεωσιμεσ πηγεσ ενεργειασ #capitalgr https://tco/53wlle5wtp,4
"Συμφωνία στην EE: Από ανανεώσιμες πηγές το 42,5% της ενέργειας μέχρι το 2030 (tweets) (upd) https://t.co/7DA00RqX3p",συμφωνια στην ee: απο ανανεωσιμεσ πηγεσ το 425% τησ ενεργειασ μεχρι το 2030 (tweets) (upd) https://tco/7da00rqx3p,4
ΕΕ: Συμφωνία για την επίτευξη πιο φιλόδοξων στόχων για τις ανανεώσιμες πηγές ενέργειας μέχρι το 2030 #capitalgr https://t.co/RCdBIQtcJa,εε: συμφωνια για την επιτευξη πιο φιλοδοξων στοχων για τισ ανανεωσιμεσ πηγεσ ενεργειασ μεχρι το 2030 #capitalgr https://tco/rcdbiqtcja,4
Συμφωνία στην ΕΕ: Διπλασιάζεται ο στόχος για κατανάλωση ενέργειας από ανανεώσιμες πηγές έως το 20230 (tweets) https://t.co/6CYGSx5xJ9,συμφωνια στην εε: διπλασιαζεται ο στοχοσ για καταναλωση ενεργειασ απο ανανεωσιμεσ πηγεσ εωσ το 20230 (tweets) https://tco/6cygsx5xj9,4
Ανανεώσιμες πηγές ενέργειας: Ποιες περιοχές θα ευνοηθούν με μείωση στους λογαριασμούς για τους καταναλωτές | Ειδήσεις για την Οικονομία | newmoney https://t.co/T9L4LMbqcA,ανανεωσιμεσ πηγεσ ενεργειασ: ποιεσ περιοχεσ θα ευνοηθουν με μειωση στουσ λογαριασμουσ για τουσ καταναλωτεσ | ειδησεισ για την οικονομια | newmoney https://tco/t9l4lmbqca,4
"RT @KostasVaxevanis: Φαντάζεστε τι σημαίνει σε εικόνα και ήχο το να πραγματοποιηθεί αυτό που ζητάμε εδώ και καιρό, να δεχθεί ο #Μητσοτακης…", @kostasvaxevanis: φανταζεστε τι σημαινει σε εικονα και ηχο το να πραγματοποιηθει αυτο που ζηταμε εδω και καιρο να δεχθει ο #μητσοτακησ…,4
"Συνεχίζουμε τη μεγάλη προσπάθεια για καλύτερο περιβάλλον με στόχο την παραγωγή και κατανάλωση ηλεκτρικής ενέργειας κατά 80% από ΑΠΕ.

- Η ανανεώσιμη παραγωγή κορυφώθηκε στις 6/5, όταν στη 1 το μεσημέρι άγγιξε τις 6.055 MWh.
2/4",συνεχιζουμε τη μεγαλη προσπαθεια για καλυτερο περιβαλλον με στοχο την παραγωγη και καταναλωση ηλεκτρικησ ενεργειασ κατα 80% απο απε  - η ανανεωσιμη παραγωγη κορυφωθηκε στισ 6/5 οταν στη 1 το μεσημερι αγγιξε τισ 6055 mwh 2/4,4
"Πράσινη η μισή ηλεκτρική ενέργεια! Τον Μάιο το 54% της ηλεκτρικής ενέργειας που καταναλώσαμε προήλθε από ήλιο, αέρα και νερό. Η Ελλάδα είναι πλέον η 7η χώρα στον κόσμο στην αξιοποίηση Ανανεώσιμων Πηγών Ενέργειας στο ενεργειακό της μίγμα. 1/4 https://t.co/UVwRjcU8ZJ",πρασινη η μιση ηλεκτρικη ενεργεια τον μαιο το 54% τησ ηλεκτρικησ ενεργειασ που καταναλωσαμε προηλθε απο ηλιο αερα και νερο η ελλαδα ειναι πλεον η 7η χωρα στον κοσμο στην αξιοποιηση ανανεωσιμων πηγων ενεργειασ στο ενεργειακο τησ μιγμα 1/4 https://tco/uvwrjcu8zj,4
